adapter,config_hash,deployment_id,effective_us,generation,ingested_us,kv_schema,loaded_us,model_revision,quantization,ready,resource,source_kind,state,tokenizer_revision
base,cfg-d1-stable,d1-replica-d687c32382,95000,1,90000,q16,,rev-2026-09,int8,,d1,registry,,tok-2026-08
base,cfg-l21-stable,l21-stable-r1,90000,1,90000,q16,,rev-2026-09,int8,,l21,registry,,tok-2026-08
base,cfg-p2-stable,p2-replica-33da5946fb,95000,1,90000,q16,,rev-2026-09,int8,,p2,registry,,tok-2026-08
base,cfg-p1-stable,p1-replica-cce46c5ee4,95000,1,90000,q16,,rev-2026-09,int8,,p1,registry,,tok-2026-08
base,cfg-l22-stable,l22-replica-37d49c77b8,95000,1,90000,q16,,rev-2026-09,int8,,l22,registry,,tok-2026-08
chat,cfg-p3-blue,p3-replica-678a78c120,95000,2,200000,q8,90000,rev-2026-10,fp8,True,p3,runtime,,tok-2026-10
base,cfg-l12-stable,l12-replica-2b8906eac3,95000,1,90000,different-q16,90000,rev-2026-09,int8,True,l12,runtime,,tok-2026-08
base,cfg-d2-stable,d2-replica-50edffc0df,95000,1,200000,q16,,rev-2026-09,int8,,d2,rollout,active,tok-2026-08
chat,cfg-p3-blue,p3-replica-e7e06d2ae9,95000,2,90000,q8,90000,rev-2026-10,different-fp8,True,p3,runtime,,tok-2026-10
base,cfg-l11-stable,l11-replica-a40b7db5bb,95000,1,90000,q16,,rev-2026-09,int8,,l11,rollout,active,tok-2026-08
base,cfg-l22-stable,l22-replica-b4b2502ee0,95000,1,90000,q16,,rev-2026-09,int8,,l22,rollout,active,tok-2026-08
chat,cfg-p3-blue,p3-replica-f549404648,95000,2,90000,q8,,rev-2026-10,fp8,,p3,registry,,tok-2026-10
base,cfg-l12-stable,l12-replica-36fc191a49,95000,1,90000,q16,,rev-2026-09,int8,,l12,rollout,active,tok-2026-08
base,cfg-d1-stable,d1-replica-73d7cbbf5d,95000,1,200000,q16,,rev-2026-09,int8,,d1,rollout,active,tok-2026-08
different-chat,cfg-d3-blue,d3-replica-1abc832a1a,95000,2,90000,q8,90000,rev-2026-10,fp8,True,d3,runtime,,tok-2026-10
chat,cfg-d3-blue,d3-replica-dd426d600b,95000,2,90000,q8,,rev-2026-10,fp8,,d3,rollout,active,tok-2026-10
chat,cfg-p3-blue,p3-blue-r2,90000,2,90000,q8,,rev-2026-10,fp8,,p3,rollout,active,tok-2026-10
base,different-cfg-p2-stable,p2-replica-5bc3bd690d,95000,1,90000,q16,90000,rev-2026-09,int8,True,p2,runtime,,tok-2026-08
base,cfg-d2-stable,d2-replica-50edffc0df,95000,1,200000,q16,90000,rev-2026-09,int8,True,d2,runtime,,tok-2026-08
chat,cfg-p3-blue,p3-replica-80f2ae8c05,95000,2,90000,q8,,rev-2026-10,fp8,,p3,registry,,tok-2026-10
base,cfg-d2-stable,d2-replica-50edffc0df,95000,1,200000,q16,,rev-2026-09,int8,,d2,registry,,tok-2026-08
chat,cfg-l33-blue,l33-replica-7d760ef141,95000,2,90000,q8,,rev-2026-10,fp8,,l33,registry,,tok-2026-10
base,cfg-l11-canary,l11-canary-r2,90000,2,90000,q16,90000,rev-2026-09,int8,,l11,registry,,tok-2026-08
base,cfg-d2-stable,d2-stable-r1,90000,1,90000,q16,,rev-2026-09,int8,,d2,rollout,active,tok-2026-08
base,cfg-l22-stable,l22-replica-bdaa2a681c,95000,1,100650,q16,90000,rev-2026-09,int8,True,l22,runtime,,tok-2026-08
chat,cfg-d3-blue,d3-replica-ef3a15a891,95000,12,90000,q8,,rev-2026-10,fp8,,d3,rollout,active,tok-2026-10
chat,cfg-l33-blue,l33-replica-35059b3f14,95000,2,90000,q8,,rev-2026-10,fp8,,l33,rollout,active,tok-2026-10
base,cfg-l11-stable,l11-replica-c2febeaf89,95000,1,90000,q16,,rev-2026-09,int8,,l11,registry,,tok-2026-08
base,cfg-l23-stable,l23-replica-41b296136b,95000,1,90000,q8,,rev-2026-09,int8,,l23,registry,,tok-2026-08
base,cfg-p1-stable,p1-replica-9e70f7e32b,95000,1,90000,q16,90000,rev-2026-09,different-int8,True,p1,runtime,,tok-2026-08
base,cfg-p2-stable,p2-replica-5bc3bd690d,95000,1,90000,q16,,rev-2026-09,int8,,p2,rollout,active,tok-2026-08
base,cfg-l23-canary,l23-canary-r2,90000,2,90000,q8,90000,rev-2026-09,int8,True,l23,runtime,,tok-2026-08
chat,different-cfg-l33-blue,l33-replica-bb87c68bae,95000,2,90000,q8,90000,rev-2026-10,fp8,True,l33,runtime,,tok-2026-10
chat,cfg-l33-canary,l33-canary-r2,90000,2,90000,q8,90000,rev-2026-10,fp8,,l33,registry,,tok-2026-10
chat,cfg-d3-blue,d3-replica-4e3d3b4840,95000,2,90000,q8,,rev-2026-10,fp8,,d3,registry,,tok-2026-10
base,cfg-p2-stable,p2-replica-ad96e6c045,95000,1,90000,q16,,rev-2026-09,int8,,p2,rollout,active,tok-2026-08
chat,different-cfg-d3-blue,d3-replica-dd426d600b,95000,2,90000,q8,90000,rev-2026-10,fp8,True,d3,runtime,,tok-2026-10
base,cfg-l12-stable,l12-replica-e192889bea,95000,1,90000,q16,,rev-2026-09,int8,,l12,registry,,tok-2026-08
base,cfg-l21-stable,l21-replica-27cb11584f,95000,1,90000,q16,,rev-2026-09,int8,,l21,registry,,tok-2026-08
base,cfg-d1-stable,d1-replica-2af584844c,95000,1,90000,q16,,rev-2026-09,int8,,d1,registry,,tok-2026-08
base,cfg-l21-stable,l21-replica-671c75d4cf,95000,1,90000,q16,,rev-2026-09,int8,,l21,registry,,tok-2026-08
base,different-cfg-d1-stable,d1-replica-9c1b556af0,95000,1,90000,q16,90000,rev-2026-09,int8,True,d1,runtime,,tok-2026-08
base,cfg-l21-stable,l21-replica-4ff506a89f,95000,1,90000,q16,90000,rev-2026-09,int8,False,l21,runtime,,tok-2026-08
base,cfg-l12-stable,l12-replica-403d8096ed,95000,1,200000,q16,,rev-2026-09,int8,,l12,rollout,active,tok-2026-08
base,cfg-d1-stable,d1-replica-9c1b556af0,95000,1,90000,q16,,rev-2026-09,int8,,d1,rollout,active,tok-2026-08
base,cfg-l12-stable,l12-replica-c2b74a0297,95000,1,90000,q16,,rev-2026-09,int8,,l12,rollout,active,tok-2026-08
base,cfg-d1-stable,d1-replica-2af584844c,95000,1,90000,q16,90000,rev-2026-09,different-int8,True,d1,runtime,,tok-2026-08
base,cfg-d1-canary,d1-canary-r2,90000,2,90000,q16,90000,rev-2026-09,int8,,d1,registry,,tok-2026-08
base,cfg-l12-stable,l12-replica-e192889bea,95000,1,90000,q16,,rev-2026-09,int8,,l12,rollout,active,tok-2026-08
chat,cfg-l33-blue,l33-blue-r2,90000,2,90000,q8,90000,rev-2026-10,fp8,True,l33,runtime,,tok-2026-10
base,cfg-d1-stable,d1-replica-af19b2e7cd,95000,1,90000,q16,90000,rev-2026-09,int8,False,d1,runtime,,tok-2026-08
chat,cfg-d3-blue,d3-blue-r2,90000,2,90000,q8,,rev-2026-10,fp8,,d3,registry,,tok-2026-10
base,cfg-p1-stable,p1-replica-6aacdd4195,95000,1,90000,q16,,rev-2026-09,int8,,p1,registry,,tok-2026-08
base,cfg-l21-canary,l21-canary-r2,90000,2,90000,q16,90000,rev-2026-09,int8,,l21,registry,,tok-2026-08
chat,cfg-p3-blue,p3-replica-80f2ae8c05,95000,2,90000,q8,90000,rev-2026-10,fp8,True,p3,runtime,,tok-2026-10
chat,cfg-d3-blue-r3,d3-blue-r3,104100,3,104050,q8,,rev-2026-10,fp8,,d3,rollout,active,tok-2026-10
base,cfg-l23-stable,l23-stable-r1,90000,1,90000,q8,,rev-2026-09,int8,,l23,rollout,active,tok-2026-08
base,cfg-p2-stable,p2-replica-6c1b5d5c3d,95000,1,90000,q16,,rev-2026-09,int8,,p2,registry,,tok-2026-08
base,cfg-l11-stable,l11-replica-a4ac884e56,95000,1,90000,q16,,rev-2026-09,int8,,l11,registry,,tok-2026-08
base,cfg-d2-stable,d2-replica-bd58818338,95000,1,90000,q16,90000,rev-2026-09,int8,True,d2,runtime,,different-tok-2026-08
base,cfg-l23-stable,l23-replica-f79955903d,95000,1,90000,different-q8,90000,rev-2026-09,int8,True,l23,runtime,,tok-2026-08
base,cfg-p2-stable,p2-replica-ad96e6c045,95000,1,90000,q16,,rev-2026-09,int8,,p2,registry,,tok-2026-08
base,cfg-d2-stable,d2-replica-2433c7deb7,95000,1,90000,q16,,rev-2026-09,int8,,d2,registry,,tok-2026-08
base,cfg-d2-stable,d2-replica-8bee638a18,95000,1,90000,q16,90000,rev-2026-09,int8,False,d2,runtime,,tok-2026-08
base,cfg-d1-stable,d1-replica-49a38e8ecc,95000,1,100650,q16,90000,rev-2026-09,int8,True,d1,runtime,,tok-2026-08
base,cfg-p2-stable,p2-replica-ce8cc39d01,95000,1,90000,q16,,rev-2026-09,int8,,p2,rollout,active,tok-2026-08
chat,cfg-l33-blue,l33-replica-fa6bed732f,95000,2,90000,q8,90000,rev-2026-10,fp8,False,l33,runtime,,tok-2026-10
chat,cfg-p3-blue-r3,p3-blue-r3,104100,3,104050,q8,,rev-2026-10,fp8,,p3,rollout,active,tok-2026-10
base,cfg-p2-stable,p2-replica-09ca871b8a,95000,1,200000,q16,,rev-2026-09,int8,,p2,rollout,active,tok-2026-08
base,cfg-d2-stable,d2-replica-03a5b8c52c,95000,11,90000,q16,90000,rev-2026-09,int8,True,d2,runtime,,tok-2026-08
base,cfg-d1-stable,d1-replica-49a38e8ecc,95000,1,90000,q16,,rev-2026-09,int8,,d1,registry,,tok-2026-08
chat,cfg-p3-blue,p3-replica-678a78c120,95000,2,200000,q8,,rev-2026-10,fp8,,p3,registry,,tok-2026-10
base,cfg-d2-stable,d2-replica-aa7439b6fe,95000,1,90000,q16,,rev-2026-09,int8,,d2,rollout,active,tok-2026-08
chat,cfg-d3-blue,d3-replica-4e3d3b4840,95000,2,90000,q8,90000,rev-2026-10,fp8,False,d3,runtime,,tok-2026-10
base,cfg-l22-stable,l22-replica-3730b74a92,95000,1,90000,q16,,rev-2026-09,int8,,l22,rollout,active,tok-2026-08
base,cfg-l23-stable,l23-replica-e67936a2d2,95000,11,90000,q8,,rev-2026-09,int8,,l23,rollout,active,tok-2026-08
base,cfg-l23-stable,l23-replica-f631f42b9d,95000,1,90000,q8,,rev-2026-09,int8,,l23,rollout,active,tok-2026-08
chat,cfg-d3-blue,d3-replica-05579626a3,95000,2,90000,q8,90000,rev-2026-10,fp8,True,d3,runtime,,different-tok-2026-10
base,cfg-l21-stable,l21-replica-4ff506a89f,95000,1,100650,q16,90000,rev-2026-09,int8,True,l21,runtime,,tok-2026-08
base,cfg-d2-canary,d2-canary-r2,90000,2,90000,q16,90000,rev-2026-09,int8,,d2,rollout,shadow,tok-2026-08
chat,cfg-p3-blue,p3-replica-385ff1f83d,95000,2,90000,q8,,rev-2026-10,fp8,,p3,rollout,active,tok-2026-10
base,cfg-p1-stable,p1-replica-f2031884d5,95000,1,200000,q16,,rev-2026-09,int8,,p1,registry,,tok-2026-08
base,cfg-l21-stable,l21-replica-2a618ced95,95000,1,90000,q16,,rev-2026-09,int8,,l21,registry,,tok-2026-08
chat,different-cfg-p3-blue,p3-replica-385ff1f83d,95000,2,90000,q8,90000,rev-2026-10,fp8,True,p3,runtime,,tok-2026-10
base,cfg-p1-stable,p1-replica-b17d3b25e9,95000,1,90000,q16,90000,rev-2026-09,int8,True,p1,runtime,,tok-2026-08
chat,cfg-p3-blue,p3-replica-1f2781e5d4,95000,2,100650,q8,90000,rev-2026-10,fp8,True,p3,runtime,,tok-2026-10
base,different-cfg-p1-stable,p1-replica-ac25d4722e,95000,1,90000,q16,90000,rev-2026-09,int8,True,p1,runtime,,tok-2026-08
base,cfg-p2-stable,p2-replica-76b756550a,95000,1,90000,q16,90000,rev-2026-09,int8,False,p2,runtime,,tok-2026-08
base,cfg-p2-stable,p2-replica-6c1b5d5c3d,95000,1,90000,q16,90000,rev-2026-09,int8,True,p2,runtime,,tok-2026-08
base,cfg-p2-stable,p2-replica-ce8cc39d01,95000,1,90000,different-q16,90000,rev-2026-09,int8,True,p2,runtime,,tok-2026-08
base,cfg-l23-stable,l23-replica-1c764d4be6,95000,1,90000,q8,,rev-2026-09,int8,,l23,registry,,tok-2026-08
base,cfg-d2-stable,d2-replica-0e1582cd9d,95000,1,90000,q16,,rev-2026-09,int8,,d2,registry,,tok-2026-08
base,cfg-l22-stable,l22-replica-1fa234aba8,95000,1,90000,q16,90000,rev-2026-09,int8,True,l22,runtime,,tok-2026-08
base,cfg-l12-stable,l12-replica-1050474512,95000,1,90000,q16,90000,rev-2026-09,int8,True,l12,runtime,,tok-2026-08
base,cfg-l21-stable,l21-replica-6ce677722e,95000,1,90000,q16,,rev-2026-09,int8,,l21,registry,,tok-2026-08
chat,cfg-p3-blue,p3-replica-7a12e8265a,95000,2,90000,q8,,rev-2026-10,fp8,,p3,registry,,tok-2026-10
chat,cfg-l33-blue,l33-replica-c1119cde14,95000,2,90000,q8,,rev-2026-10,fp8,,l33,rollout,active,tok-2026-10
chat,cfg-p3-blue,p3-replica-e7e06d2ae9,95000,2,90000,q8,,rev-2026-10,fp8,,p3,registry,,tok-2026-10
chat,cfg-p3-blue,p3-replica-aedfe2c9c3,95000,2,90000,q8,,rev-2026-10,fp8,,p3,registry,,tok-2026-10
base,cfg-d2-stable,d2-replica-2433c7deb7,95000,1,90000,q16,90000,rev-2026-09,int8,False,d2,runtime,,tok-2026-08
base,cfg-l21-stable,l21-replica-27cb11584f,95000,1,90000,q16,90000,rev-2026-09,int8,True,l21,runtime,,tok-2026-08
chat,cfg-p3-blue,p3-blue-r2,90000,2,90000,q8,,rev-2026-10,fp8,,p3,registry,,tok-2026-10
base,cfg-p1-stable,p1-replica-ac25d4722e,95000,1,90000,q16,,rev-2026-09,int8,,p1,rollout,active,tok-2026-08
base,cfg-l21-stable,l21-replica-287ae685a5,95000,1,200000,q16,,rev-2026-09,int8,,l21,rollout,active,tok-2026-08
base,cfg-l21-canary,l21-canary-r2,90000,2,90000,q16,90000,rev-2026-09,int8,,l21,rollout,shadow,tok-2026-08
base,cfg-l12-canary,l12-canary-r2,90000,2,90000,q16,90000,rev-2026-09,int8,,l12,rollout,shadow,tok-2026-08
chat,cfg-d3-blue,d3-replica-d6721c6f7d,95000,2,90000,q8,90000,rev-2026-10,different-fp8,True,d3,runtime,,tok-2026-10
base,cfg-l23-stable,l23-replica-7262aff137,95000,1,200000,q8,,rev-2026-09,int8,,l23,rollout,active,tok-2026-08
base,cfg-d2-stable,d2-replica-8bee638a18,95000,1,90000,q16,,rev-2026-09,int8,,d2,rollout,active,tok-2026-08
base,cfg-l21-stable,l21-replica-b3a40d8685,95000,1,90000,q16,,rev-2026-09,int8,,l21,registry,,tok-2026-08
chat,cfg-d3-canary,d3-canary-r2,90000,2,90000,q8,90000,rev-2026-10,fp8,,d3,rollout,shadow,tok-2026-10
base,cfg-l21-stable,l21-stable-r1,90000,1,90000,q16,90000,rev-2026-09,int8,True,l21,runtime,,tok-2026-08
base,cfg-d1-stable,d1-stable-r1,90000,1,90000,q16,90000,rev-2026-09,int8,True,d1,runtime,,tok-2026-08
base,cfg-l11-stable,l11-replica-ed26266591,95000,1,90000,q16,,rev-2026-09,int8,,l11,rollout,active,tok-2026-08
base,cfg-l23-stable,l23-replica-386e265f84,95000,1,90000,q8,90000,rev-2026-09,different-int8,True,l23,runtime,,tok-2026-08
base,cfg-l23-stable,l23-replica-012faaceac,95000,1,90000,q8,,rev-2026-09,int8,,l23,rollout,active,tok-2026-08
base,cfg-p2-stable,p2-replica-6c1b5d5c3d,95000,11,90000,q16,,rev-2026-09,int8,,p2,rollout,active,tok-2026-08
base,cfg-d1-stable,d1-replica-73d7cbbf5d,95000,1,200000,q16,90000,rev-2026-09,int8,True,d1,runtime,,tok-2026-08
base,cfg-p1-stable,p1-stable-r1,90000,1,90000,q16,,rev-2026-09,int8,,p1,registry,,tok-2026-08
base,cfg-d2-stable,d2-replica-e0e4544a6a,95000,1,90000,q16,,rev-2026-09,int8,,d2,registry,,tok-2026-08
chat,cfg-l33-canary,l33-canary-r2,90000,2,90000,q8,90000,rev-2026-10,fp8,,l33,rollout,shadow,tok-2026-10
base,cfg-l22-stable,l22-replica-3929c3401c,95000,1,90000,q16,,rev-2026-09,int8,,l22,registry,,tok-2026-08
chat,cfg-d3-blue,d3-blue-r2,90000,2,90000,q8,,rev-2026-10,fp8,,d3,rollout,active,tok-2026-10
base,cfg-l12-stable,l12-replica-8fa301aad6,95000,1,90000,q16,,rev-2026-09,int8,,l12,rollout,active,tok-2026-08
base,cfg-l23-stable,l23-replica-f79955903d,95000,1,90000,q8,,rev-2026-09,int8,,l23,rollout,active,tok-2026-08
base,cfg-p1-stable,p1-replica-6aacdd4195,95000,1,90000,q16,90000,rev-2026-09,int8,False,p1,runtime,,tok-2026-08
base,cfg-l12-stable,l12-replica-36fc191a49,95000,11,90000,q16,90000,rev-2026-09,int8,True,l12,runtime,,tok-2026-08
chat,cfg-l33-blue,l33-replica-bb87c68bae,95000,2,90000,q8,,rev-2026-10,fp8,,l33,registry,,tok-2026-10
base,cfg-p1-stable,p1-replica-00d8000101,95000,1,90000,q16,90000,rev-2026-09,int8,False,p1,runtime,,tok-2026-08
base,cfg-p2-stable,p2-replica-2b9ba54b87,95000,1,90000,q16,,rev-2026-09,int8,,p2,registry,,tok-2026-08
base,cfg-l12-stable,l12-replica-36fc191a49,95000,1,90000,q16,,rev-2026-09,int8,,l12,registry,,tok-2026-08
chat,cfg-p3-blue,p3-replica-0b05c5d080,95000,2,90000,q8,,rev-2026-10,fp8,,p3,registry,,tok-2026-10
base,cfg-l11-canary,l11-canary-r2,90000,2,90000,q16,90000,rev-2026-09,int8,,l11,rollout,shadow,tok-2026-08
base,cfg-d2-stable,d2-replica-0e1582cd9d,95000,1,90000,different-q16,90000,rev-2026-09,int8,True,d2,runtime,,tok-2026-08
base,cfg-l12-stable,l12-replica-c2b74a0297,95000,1,90000,q16,,rev-2026-09,int8,,l12,registry,,tok-2026-08
base,cfg-p2-stable,p2-stable-r1,90000,1,90000,q16,90000,rev-2026-09,int8,True,p2,runtime,,tok-2026-08
base,cfg-p2-canary,p2-canary-r2,90000,2,90000,q16,90000,rev-2026-09,int8,,p2,registry,,tok-2026-08
chat,cfg-l33-blue,l33-replica-8276f8043a,95000,2,90000,q8,,rev-2026-10,fp8,,l33,rollout,active,tok-2026-10
chat,cfg-l33-blue,l33-replica-fa6bed732f,95000,2,100650,q8,90000,rev-2026-10,fp8,True,l33,runtime,,tok-2026-10
chat,cfg-l33-blue,l33-replica-d0039ae9c1,95000,2,90000,q8,,rev-2026-10,fp8,,l33,registry,,tok-2026-10
base,cfg-l12-stable,l12-replica-2b8906eac3,95000,1,90000,q16,,rev-2026-09,int8,,l12,registry,,tok-2026-08
base,cfg-p1-stable,p1-replica-00d8000101,95000,1,90000,q16,,rev-2026-09,int8,,p1,registry,,tok-2026-08
chat,cfg-d3-blue,d3-blue-r2,90000,2,90000,q8,90000,rev-2026-10,fp8,True,d3,runtime,,tok-2026-10
base,cfg-l23-stable,l23-replica-41b296136b,95000,1,90000,q8,,rev-2026-09,int8,,l23,rollout,active,tok-2026-08
chat,cfg-l33-blue-r3,l33-blue-r3,104100,3,104050,q8,,rev-2026-10,fp8,,l33,registry,,tok-2026-10
base,cfg-l21-stable,l21-replica-1f18802813,95000,1,90000,q16,,rev-2026-09,int8,,l21,rollout,active,tok-2026-08
base,cfg-l22-stable,l22-replica-37d49c77b8,95000,11,90000,q16,90000,rev-2026-09,int8,True,l22,runtime,,tok-2026-08
base,cfg-l21-stable,l21-replica-2a618ced95,95000,1,90000,q16,,rev-2026-09,int8,,l21,rollout,active,tok-2026-08
base,cfg-l11-stable,l11-replica-8c7d61ff06,95000,1,90000,q16,,rev-2026-09,int8,,l11,rollout,active,tok-2026-08
chat,cfg-p3-blue,p3-replica-60d3cc3514,95000,2,90000,q8,90000,rev-2026-10,fp8,False,p3,runtime,,tok-2026-10
base,cfg-l12-stable,l12-replica-60a4f47912,95000,1,90000,q16,90000,rev-2026-09,int8,False,l12,runtime,,tok-2026-08
