grammar_id,revision,part,event_us,ingested_us,payload,audit_source
utf8,7,metadata,100600,100601,"{""tokenizer_revision"": ""tok-2026-10"", ""states"": [20, 21, 22], ""start"": 20, ""accept"": [20], ""base_revision"": 1}",
utf8,6,release,100600,100601,"{""enabled"": false}",
answer,5,metadata,100600,100601,"{""tokenizer_revision"": ""tok-2026-10"", ""states"": [20, 21, 22], ""start"": 20, ""accept"": [20, 21, 22], ""base_revision"": 4}",
utf8,4,release,100600,100601,"{""enabled"": true}",
answer,3,arcs,106000,106005,"[{""from"": 20, ""byte"": 67, ""to"": 21, ""op"": ""remove""}, {""from"": 21, ""byte"": 66, ""to"": 22, ""op"": ""remove""}, {""from"": 22, ""byte"": 67, ""to"": 21, ""op"": ""remove""}, {""from"": 20, ""byte"": 65, ""to"": 21, ""op"": ""add""}, {""from"": 21, ""byte"": 67, ""to"": 22, ""op"": ""add""}, {""from"": 22, ""byte"": 65, ""to"": 21, ""op"": ""add""}]",
answer,4,arcs,100600,100601,[],
answer,8,release,100600,100601,"{""enabled"": true}",
utf8,3,arcs,106000,106005,"[{""from"": 20, ""byte"": 231, ""to"": 21, ""op"": ""remove""}, {""from"": 21, ""byte"": 148, ""to"": 22, ""op"": ""remove""}, {""from"": 22, ""byte"": 178, ""to"": 20, ""op"": ""remove""}, {""from"": 20, ""byte"": 231, ""to"": 21, ""op"": ""add""}, {""from"": 21, ""byte"": 148, ""to"": 22, ""op"": ""add""}, {""from"": 22, ""byte"": 178, ""to"": 20, ""op"": ""add""}]",
utf8,1,arcs,100500,200000,[],
utf8,1,metadata,100500,100512,"{""tokenizer_revision"": ""tok-2026-10"", ""states"": [20, 21, 22], ""start"": 20, ""accept"": [20], ""base_revision"": null}",retry exporter
answer,4,arcs,100600,100601,"[{""op"": ""add"", ""from"": 0, ""byte"": 88, ""to"": 0}]",
utf8,4,metadata,100600,100601,"{""tokenizer_revision"": ""tok-2026-10"", ""states"": [20, 21, 22], ""start"": 20, ""accept"": [20], ""base_revision"": 1}",
utf8,9,release,100600,100601,"{""enabled"": true}",
utf8,1,metadata,100500,100505,"{""tokenizer_revision"": ""tok-2026-10"", ""states"": [20, 21, 22], ""start"": 20, ""accept"": [20], ""base_revision"": null}",
answer,1,metadata,100500,100505,"{""tokenizer_revision"": ""tok-2026-10"", ""states"": [20, 21, 22], ""start"": 20, ""accept"": [20, 21, 22], ""base_revision"": null}",
answer,4,release,100600,100601,"{""enabled"": true}",
answer,8,arcs,100600,100601,"[{""op"": ""add"", ""from"": 0, ""byte"": 999, ""to"": 1}]",
answer,1,metadata,100500,100512,"{""tokenizer_revision"": ""tok-2026-10"", ""states"": [20, 21, 22], ""start"": 20, ""accept"": [20, 21, 22], ""base_revision"": null}",retry exporter
answer,1,arcs,100500,100505,"[{""from"": 20, ""byte"": 67, ""to"": 21, ""op"": ""add""}, {""from"": 21, ""byte"": 65, ""to"": 22, ""op"": ""add""}, {""from"": 22, ""byte"": 67, ""to"": 21, ""op"": ""add""}]",
answer,6,release,100600,100601,"{""enabled"": false}",
