resource,sample_id,attempt,role,layout,phase,status,schema,duration,coordinate,cached_tokens,prompt,trace_id,cohort,ingested_us,manifest_id,schema_version,source_checksum,row_signature
l12,s23-088,0,link,q16,steady,ok,phase/2,26,48,0,甲甲甲甲甲甲甲甲甲甲甲甲,trace-s23-088,baseline,90000,phase-v7-23,phase/v7,phase/client.csv,2cd979bd04d98a5a92ad7c936ea4778e0244291fbe38c82b04610979a8cb39b6
p2,s23-024,0,prefill,q16,steady,ok,phase/1,0.218,12,0,甲甲甲甲甲甲甲甲甲甲甲甲,trace-s23-024,recent,90000,phase-v7-23,phase/v7,phase/client.csv,0dc634c9d7cf69e97ddd3f6a482002c9251207f7ca85d799c0d180183e6d74c4
l22,s23-113,0,link,q16,steady,ok,phase/2,35,48,0,甲甲甲甲甲甲甲甲甲甲甲甲,trace-s23-113,baseline,90000,phase-v7-23,phase/v7,phase/client.csv,4a9330ba2d478cf66ed1266e71c686ace0e555ef910eaa2cae7831a0882c2bad
l23,s23-135,0,link,q8,steady,ok,phase/1,0.006,48,0,甲甲甲甲甲甲甲甲甲甲甲甲,trace-s23-135,baseline,90000,phase-v7-23,phase/v7,phase/client.csv,36d9c59f328c472dca1ae345ae21057c6fdc0abf16dab655983dc933aa00a771
d3,s23-072,0,decode,q8,steady,ok,phase/1,0.033,12,0,甲甲甲甲甲甲甲甲甲甲甲甲,trace-s23-072,recent,90000,phase-v7-23,phase/v7,phase/client.csv,16fe4018c7ae0a404ddcf04b825e13bb646a535f85b36fba3dbfbf00e29b096d
d2,s23-060,0,decode,q16,steady,ok,phase/1,0.055,12,0,甲甲甲甲甲甲甲甲甲甲甲甲,trace-s23-060,recent,90000,phase-v7-23,phase/v7,phase/client.csv,0d5010f1c78ec2fc6f300036277000ab83405fc273f7b6c31ca9ccc54c05856a
p3,s23-032,0,prefill,q8,steady,ok,phase/2,116,36,0,甲甲甲甲甲甲甲甲甲甲甲甲甲甲甲甲甲甲甲甲甲甲甲甲甲甲甲甲甲甲甲甲甲甲甲甲,trace-s23-032,baseline,100650,phase-v7-23,phase/v7,phase/client.csv,81199e9b5db3712aeb23d0457410ccfacd8505aa4a118afd4bf4266ad0c96c75
p2,s23-023,0,prefill,q16,steady,ok,phase/2,218,12,0,甲甲甲甲甲甲甲甲甲甲甲甲,trace-s23-023,recent,90000,phase-v7-23,phase/v7,phase/client.csv,f12825d1e64ac5431144374cda41d6c74ea2dc81b32503509328cc0dd1cef44e
d3,s23-061,0,decode,q8,steady,ok,phase/2,25,0,0,,trace-s23-061,baseline,100650,phase-v7-23,phase/v7,phase/client.csv,19829fd1b3e17e76ef937d7109de1a4f41b388204ac7b393f7033d25f0446b8a
l33,s23-129,0,link,q8,steady,ok,phase/1,0.017,48,0,甲甲甲甲甲甲甲甲甲甲甲甲,trace-s23-129,recent,90000,phase-v7-23,phase/v7,phase/client.csv,e1467bc3b2a87cef3b9602c5f7409eec7aa4f1f7e41ba87338ed0184cce7dfc1
p1,s23-009,0,prefill,q16,steady,ok,phase/1,0.203,36,0,甲甲甲甲甲甲甲甲甲甲甲甲甲甲甲甲甲甲甲甲甲甲甲甲甲甲甲甲甲甲甲甲甲甲甲甲,trace-s23-009,baseline,90000,phase-v7-23,phase/v7,phase/client.csv,23eb4d2ea40d9ce5ed43638d6cdb35c28d32983e1cf95d2b9da9ca55530a7139
l23,s23-141,0,link,q8,steady,ok,phase/1,0.006,48,0,甲甲甲甲甲甲甲甲甲甲甲甲,trace-s23-141,recent,90000,phase-v7-23,phase/v7,phase/client.csv,ada494eee4e7c1b4059e830c7eccaa3a6d2f1f2c43ac7acf5a5852db68aebdbd
l21,s23-104,0,link,q16,steady,ok,phase/2,39,144,0,甲甲甲甲甲甲甲甲甲甲甲甲甲甲甲甲甲甲甲甲甲甲甲甲甲甲甲甲甲甲甲甲甲甲甲甲,trace-s23-104,baseline,90000,phase-v7-23,phase/v7,phase/client.csv,4a2786e6922a1d226d5fe12bbbf0c51bfe50fe8714f9166bbbb0e0776c70a096
p1,s23-145,0,prefill,q16,steady,ok,phase/2,369,12,0,甲甲甲甲甲甲甲甲甲甲甲甲,trace-s23-145,baseline,100650,phase-v7-23,phase/v7,phase/client.csv,852ae41c3e693af961c7d4fae3f3efc4f09dbebfd7e16f8560d7cf3817d831bb
p1,s23-147,0,prefill,q16,steady,ok,phase/1,0.369,12,0,甲甲甲甲甲甲甲甲甲甲甲甲,trace-s23-147,baseline,100650,phase-v7-23,phase/v7,phase/client.csv,733431c47e4360bac0246dd68c5bfe5ea668668bc9e976a1beb1181c9c8a3178
l33,s23-123,0,link,q8,steady,ok,phase/1,0.017,48,0,甲甲甲甲甲甲甲甲甲甲甲甲,trace-s23-123,baseline,100650,phase-v7-23,phase/v7,phase/client.csv,ef23beab474daea9fd6f476ef791e5ffc2ddbd481c8c033e6a5c9de9e2355962
p2,s23-156,0,prefill,q16,steady,ok,phase/1,0.109,12,0,甲甲甲甲甲甲甲甲甲甲甲甲,trace-s23-156,baseline,90000,phase-v7-23,phase/v7,phase/client.csv,cc4aed2bfb190e688d54b72e3732b7a05049aeae596943e758af53f43df59fea
l23,s23-133,0,link,q8,steady,ok,phase/2,4,0,0,,trace-s23-133,baseline,90000,phase-v7-23,phase/v7,phase/client.csv,1c77ee7db8ca7568134e0edcef69f4f95622cc0529afaf223354a8be2f87da4c
d1,s23-038,0,decode,q16,steady,ok,phase/2,38,0,0,,trace-s23-038,baseline,90000,phase-v7-23,phase/v7,phase/client.csv,1f12fc868a279594bdca9cb6388246a334097674b7225946d03b9f8cf3a8710c
d1,s23-165,0,decode,q16,steady,ok,phase/1,0.046,12,0,甲甲甲甲甲甲甲甲甲甲甲甲,trace-s23-165,baseline,90000,phase-v7-23,phase/v7,phase/client.csv,29135aea18a86a3f3c0c50f00b34257149e441720d0a8d2fb064749c91350ba2
d1,s23-165,0,decode,q16,steady,ok,phase/1,1.046,12,0,甲甲甲甲甲甲甲甲甲甲甲甲,trace-s23-165,baseline,90000,phase-v7-23,phase/v7,phase/client.csv,09076c41a671481066f0febc657735b7ac4b63a40494a45980f8ae054cb621c6
d2,s23-052,0,decode,q16,steady,ok,phase/2,55,12,0,甲甲甲甲甲甲甲甲甲甲甲甲,trace-s23-052,baseline,90000,phase-v7-23,phase/v7,phase/client.csv,b83783148c876c985d67bfd253bca09b92517d7b0be566ac19226feb636fa33f
p2,s23-158,0,prefill,q16,steady,ok,phase/2,NaN,12,0,甲甲甲甲甲甲甲甲甲甲甲甲,trace-s23-158,baseline,90000,phase-v7-23,phase/v7,phase/client.csv,64d7b9476e7d62c823edc44dff4825b2cbf7508ab02e03e71dba91ba7c42c33d
l12,s23-094,0,link,q16,steady,ok,phase/2,52,48,0,甲甲甲甲甲甲甲甲甲甲甲甲,trace-s23-094,recent,90000,phase-v7-23,phase/v7,phase/client.csv,c2f5973ff2c6963bb7651e2037413ee8b6f0434c7c722e7ad6876c25d78b064e
l11,s23-077,0,link,q16,steady,ok,phase/2,29,48,0,甲甲甲甲甲甲甲甲甲甲甲甲,trace-s23-077,baseline,90000,phase-v7-23,phase/v7,phase/client.csv,ec23bafde4fa1581e34f3ac77d43d720e3fc33f2071abe2cd453c164050b2481
d1,s23-041,0,decode,q16,steady,ok,phase/2,46,12,0,甲甲甲甲甲甲甲甲甲甲甲甲,trace-s23-041,baseline,90000,phase-v7-23,phase/v7,phase/client.csv,ca9488a8198c1b3754c1e1b9486a7dba774da9accb33d9f6a54589b7a8c0ddbb
l33,s23-126,0,link,q8,steady,ok,phase/1,0.033,144,0,甲甲甲甲甲甲甲甲甲甲甲甲甲甲甲甲甲甲甲甲甲甲甲甲甲甲甲甲甲甲甲甲甲甲甲甲,trace-s23-126,baseline,100650,phase-v7-23,phase/v7,phase/client.csv,8924629db2def1a754358532ded6771792754e6d4ebb8cc25e33d571b41a3655
p2,s23-018,0,prefill,q16,steady,ok,phase/1,0.109,12,0,甲甲甲甲甲甲甲甲甲甲甲甲,trace-s23-018,baseline,90000,phase-v7-23,phase/v7,phase/client.csv,c3afade3b16d778550764acaa86ab1faf2e8daf8acfd1ef9658a9c4529a86864
p3,s23-033,0,prefill,q8,steady,ok,phase/1,0.116,36,0,甲甲甲甲甲甲甲甲甲甲甲甲甲甲甲甲甲甲甲甲甲甲甲甲甲甲甲甲甲甲甲甲甲甲甲甲,trace-s23-033,baseline,100650,phase-v7-23,phase/v7,phase/client.csv,bde446637a6614ec2f7b6c8d17f23da83941d7050d1bafe06def32aecf5a1ec0
l33,s23-125,0,link,q8,steady,ok,phase/2,17,48,0,甲甲甲甲甲甲甲甲甲甲甲甲,trace-s23-125,baseline,100650,phase-v7-23,phase/v7,phase/client.csv,ab8c1b54643533fabe3b00f690eab7a9a1fb4d261da13d581d4cdcce7945d4cc
d3,s23-065,0,decode,q8,steady,ok,phase/2,33,12,0,甲甲甲甲甲甲甲甲甲甲甲甲,trace-s23-065,baseline,100650,phase-v7-23,phase/v7,phase/client.csv,0cc3fab3727547428da85382e6e3286395e7df7f3168135ae707b10108b9c9f1
p2,s23-151,0,prefill,other,steady,ok,phase/2,109,12,0,甲甲甲甲甲甲甲甲甲甲甲甲,trace-s23-151,baseline,90000,phase-v7-23,phase/v7,phase/client.csv,2feb94db7763e35bc9eed4d257b6709aea990e6f9a3f8c5d74227397a1ac8522
l21,s23-102,0,link,q16,steady,ok,phase/1,0.023,48,0,甲甲甲甲甲甲甲甲甲甲甲甲,trace-s23-102,baseline,90000,phase-v7-23,phase/v7,phase/client.csv,831ad4ffa645eeafeed54403f384211b8b82028271a82194dbbba245ee2a41e4
l12,s23-086,0,link,q16,steady,ok,phase/2,18,0,0,,trace-s23-086,baseline,90000,phase-v7-23,phase/v7,phase/client.csv,936256bf848760a3009121749ca93984775490479af0756356549e701c8a8872
l33,s23-130,0,link,q8,steady,ok,phase/2,17,48,0,甲甲甲甲甲甲甲甲甲甲甲甲,trace-s23-130,recent,90000,phase-v7-23,phase/v7,phase/client.csv,c9286f2cfa174810a1872288392e597b22169bf613a0790fb931ee7dea46b21d
d3,s23-066,0,decode,q8,steady,ok,phase/1,0.033,12,0,甲甲甲甲甲甲甲甲甲甲甲甲,trace-s23-066,baseline,100650,phase-v7-23,phase/v7,phase/client.csv,e465e17d1beebe6465c7d54e8a8a2a20515ab148e71661f578dae395063f12d3
d1,s23-039,0,decode,q16,steady,ok,phase/1,0.038,0,0,,trace-s23-039,baseline,90000,phase-v7-23,phase/v7,phase/client.csv,c98f8752a797648e9d02d7d7a283004e32ff1a2c11a0833f4540079fd4f390a4
l23,s23-140,0,link,q8,steady,ok,phase/2,10,144,0,甲甲甲甲甲甲甲甲甲甲甲甲甲甲甲甲甲甲甲甲甲甲甲甲甲甲甲甲甲甲甲甲甲甲甲甲,trace-s23-140,baseline,90000,phase-v7-23,phase/v7,phase/client.csv,2bf160e3c4a738b2f7cd666251e6eaf82caed127adcd96f50a57a9d8b8d8127e
d1,s23-044,0,decode,q16,steady,ok,phase/2,62,36,0,甲甲甲甲甲甲甲甲甲甲甲甲甲甲甲甲甲甲甲甲甲甲甲甲甲甲甲甲甲甲甲甲甲甲甲甲,trace-s23-044,baseline,90000,phase-v7-23,phase/v7,phase/client.csv,acf6c9714220b552766894b645ad3684854276db3cd6064a41aa586bed376452
l33,s23-127,0,link,q8,steady,ok,phase/2,33,144,0,甲甲甲甲甲甲甲甲甲甲甲甲甲甲甲甲甲甲甲甲甲甲甲甲甲甲甲甲甲甲甲甲甲甲甲甲,trace-s23-127,baseline,100650,phase-v7-23,phase/v7,phase/client.csv,eb774a804083a79835958c69a2521dee7021f1d6935c9707b16a100076d6676b
l12,s23-090,0,link,q16,steady,ok,phase/1,0.026,48,0,甲甲甲甲甲甲甲甲甲甲甲甲,trace-s23-090,baseline,90000,phase-v7-23,phase/v7,phase/client.csv,5cffde1027bb372d10614abb0608166be558281852b52ea1d1e4902d0f9a9cc2
p1,s23-001,0,prefill,q16,steady,ok,phase/2,83,0,0,,trace-s23-001,baseline,90000,phase-v7-23,phase/v7,phase/client.csv,5179221565fa03b130109c10a203e930ac2c736121e338a71bc28d07ee9f6062
l11,s23-166,0,link,q16,steady,ok,phase/2,29,48,0,甲甲甲甲甲甲甲甲甲甲甲甲,trace-s23-166,baseline,90000,phase-v7-23,phase/v7,phase/client.csv,eff91dea99bbc4d35b1c54f0289339666e5a0a64c12e1fbb1b22e820cdb74a9c
p3,s23-027,0,prefill,q8,steady,ok,phase/1,0.068,0,0,,trace-s23-027,baseline,100650,phase-v7-23,phase/v7,phase/client.csv,2e1d8ade8a7b37c26d3ab95cbbc8c55358dba8a7e8150886f2591c594df6575d
l22,s23-119,0,link,q16,steady,ok,phase/2,35,48,0,甲甲甲甲甲甲甲甲甲甲甲甲,trace-s23-119,recent,90000,phase-v7-23,phase/v7,phase/client.csv,b143be2e8a4e01f1b5e679136434cea1c2bb890193f9d885c5f9832f02452cad
p2,s23-017,0,prefill,q16,steady,ok,phase/2,109,12,0,甲甲甲甲甲甲甲甲甲甲甲甲,trace-s23-017,baseline,90000,phase-v7-23,phase/v7,phase/client.csv,408f1954ba1c82a9c174f97e9af128f856564ba36e7c9832b64452cff94f75d5
l21,s23-097,0,link,q16,steady,ok,phase/2,15,0,0,,trace-s23-097,baseline,90000,phase-v7-23,phase/v7,phase/client.csv,2a59f6622e67fd6a9dd8130606cf1a6259b21c4f3d7646a0ea8d5a91c337d5f5
l11,s23-082,0,link,q16,steady,ok,phase/2,29,48,0,甲甲甲甲甲甲甲甲甲甲甲甲,trace-s23-082,recent,90000,phase-v7-23,phase/v7,phase/client.csv,c0eabdbdc0ad38e27e1e43abb119448db43a085996b305116d519bbd7cd2c173
p3,s23-035,0,prefill,q8,steady,ok,phase/2,84,12,0,甲甲甲甲甲甲甲甲甲甲甲甲,trace-s23-035,recent,90000,phase-v7-23,phase/v7,phase/client.csv,113655e47796eca1b0e0a2574234fe85e42cd5d1cfaac0d906d996d79ef4a993
l21,s23-103,0,link,q16,steady,ok,phase/2,39,144,0,甲甲甲甲甲甲甲甲甲甲甲甲甲甲甲甲甲甲甲甲甲甲甲甲甲甲甲甲甲甲甲甲甲甲甲甲,trace-s23-103,baseline,90000,phase-v7-23,phase/v7,phase/client.csv,1d9f6613f50f244cf6702ac65896d28425a83ce3825141d0dc2a887f7c0a2b44
l33,s23-121,0,link,q8,steady,ok,phase/2,9,0,0,,trace-s23-121,baseline,100650,phase-v7-23,phase/v7,phase/client.csv,70fe31d6149660a4f6cc88e0edafda172f5db07332ab22832607e375ae63b6ff
l33,s23-131,0,link,q8,steady,ok,phase/2,17,48,0,甲甲甲甲甲甲甲甲甲甲甲甲,trace-s23-131,recent,90000,phase-v7-23,phase/v7,phase/client.csv,18162a25d045bc52a951747010749c1d6209cac7edbf4b55b711afcd9c7a7c10
l23,s23-139,0,link,q8,steady,ok,phase/2,10,144,0,甲甲甲甲甲甲甲甲甲甲甲甲甲甲甲甲甲甲甲甲甲甲甲甲甲甲甲甲甲甲甲甲甲甲甲甲,trace-s23-139,baseline,90000,phase-v7-23,phase/v7,phase/client.csv,c3d167639e08322fe4a8174bfd870272e8a10d77aeb75d28576b47ecbb8e456e
d3,s23-062,0,decode,q8,steady,ok,phase/2,25,0,0,,trace-s23-062,baseline,100650,phase-v7-23,phase/v7,phase/client.csv,5ef7f3a0c4749c330c6d909be6cf054b8bd51dc0085c2a0267357880e6f39cdb
p2,s23-155,0,prefill,q16,steady,ok,phase/2,109,12,4,甲甲甲甲甲甲甲甲甲甲甲甲,trace-s23-155,baseline,90000,phase-v7-23,phase/v7,phase/client.csv,20453df13a648df06f3923fe15213665a75a8b9d4e60b157681ecd1386540f36
p2,s23-150,0,prefill,q16,steady,ok,phase/1,10900,12,0,甲甲甲甲甲甲甲甲甲甲甲甲,trace-s23-150,baseline,90000,phase-v7-23,phase/v7,phase/client.csv,568f9ce57a3c9ba77bd1c83042f9853a0338b058fa676e5908918e0313902101
l21,s23-099,0,link,q16,steady,ok,phase/1,0.015,0,0,,trace-s23-099,baseline,90000,phase-v7-23,phase/v7,phase/client.csv,1a7c3648ca70390f223c418b3e13d0f0411dfddc1b97f82ada974c4a5be675a1
l12,s23-096,0,link,q16,steady,ok,phase/1,0.052,48,0,甲甲甲甲甲甲甲甲甲甲甲甲,trace-s23-096,recent,90000,phase-v7-23,phase/v7,phase/client.csv,93540aa2e76e862a106f8eccdb3e727156f21ac19fc0da44d0c595be89492f99
d3,s23-068,0,decode,q8,steady,ok,phase/2,49,36,0,甲甲甲甲甲甲甲甲甲甲甲甲甲甲甲甲甲甲甲甲甲甲甲甲甲甲甲甲甲甲甲甲甲甲甲甲,trace-s23-068,baseline,100650,phase-v7-23,phase/v7,phase/client.csv,71a3235aec6fa66010563328d418830907e802aed885c373d766f4e3e3f1743d
p2,s23-149,0,prefill,q16,compile,ok,phase/2,109,12,0,甲甲甲甲甲甲甲甲甲甲甲甲,trace-s23-149,baseline,90000,phase-v7-23,phase/v7,phase/client.csv,373cd73de9e159da8f9e8a90f9394246b212f12e0256defa6ed1656b8be46a49
l12,s23-089,0,link,q16,steady,ok,phase/2,26,48,0,甲甲甲甲甲甲甲甲甲甲甲甲,trace-s23-089,baseline,90000,phase-v7-23,phase/v7,phase/client.csv,55fd67f5152223e9724dfb7d6d4ba76fd2d79af33e960d4e5cf0dd62f9f6ad9f
p2,s23-159,0,prefill,q16,steady,ok,phase/1,0.109,12,0,甲甲甲甲甲甲甲甲甲甲甲甲,trace-s23-159,baseline,90000,phase-v7-23,phase/v7,phase/client.csv,68b54ddf26d0591887bc68e9aee33340b0f3c6e1680259b6ad182d6848b9fbd7
p3,s23-030,0,prefill,q8,steady,ok,phase/1,0.084,12,0,甲甲甲甲甲甲甲甲甲甲甲甲,trace-s23-030,baseline,100650,phase-v7-23,phase/v7,phase/client.csv,09a06a936efb7f51df9339d385d6869f9d56c264a91b9cf99567b4ac1e7cfc8b
l21,s23-101,0,link,q16,steady,ok,phase/2,23,48,0,甲甲甲甲甲甲甲甲甲甲甲甲,trace-s23-101,baseline,90000,phase-v7-23,phase/v7,phase/client.csv,ee2841663f9bfd81fc3dcd96fc0a8e06141fd5324d146472fc828b0f14f9c3c9
p1,s23-144,0,prefill,q16,steady,ok,phase/1,0.369,12,0,甲甲甲甲甲甲甲甲甲甲甲甲,trace-s23-144,baseline,100650,phase-v7-23,phase/v7,phase/client.csv,ae649edd4c0f50165ee18031a34efaec1d764c119dde2c782d4fa024451d17da
l12,s23-085,0,link,q16,steady,ok,phase/2,18,0,0,,trace-s23-085,baseline,90000,phase-v7-23,phase/v7,phase/client.csv,862f6dae0f5396cd647ab0749df7774cc2677ea621122477451bfa42f6ea9971
p3,s23-025,0,prefill,q8,steady,ok,phase/2,68,0,0,,trace-s23-025,baseline,100650,phase-v7-23,phase/v7,phase/client.csv,88e7ae753e584daa969ff5db65cbff6cff75741293cfb2ab489630c66a144570
d3,s23-063,0,decode,q8,steady,ok,phase/1,0.025,0,0,,trace-s23-063,baseline,100650,phase-v7-23,phase/v7,phase/client.csv,a2dd497b93f269d2f8d3101374853b6e8af19b71c78bff36227480789a970784
d2,s23-049,0,decode,q16,steady,ok,phase/2,51,0,0,,trace-s23-049,baseline,90000,phase-v7-23,phase/v7,phase/client.csv,b762dd55283e9c7713a8563284540294513881ce4d84e1129749facbcf13ad2f
p2,s23-164,2,prefill,q16,steady,ok,phase/2,109,12,0,甲甲甲甲甲甲甲甲甲甲甲甲,trace-s23-164-retry,baseline,90000,phase-v7-23,phase/v7,phase/client.csv,1aee4852f029af9d8b7bb52b9bf7272b8440af504fa213f391fbe8409799aea0
l23,s23-142,0,link,q8,steady,ok,phase/2,6,48,0,甲甲甲甲甲甲甲甲甲甲甲甲,trace-s23-142,recent,90000,phase-v7-23,phase/v7,phase/client.csv,de16a99155e69cacb5a75f80f7b4892dabc1e90118b900f7f0a15ba0ddee68e1
p1,s23-012,0,prefill,q16,steady,ok,phase/1,0.123,12,0,甲甲甲甲甲甲甲甲甲甲甲甲,trace-s23-012,recent,90000,phase-v7-23,phase/v7,phase/client.csv,0ddd47b5157f23d775ba5d52e2b15ece026769bca685b632c378b0a24aa1af8c
p2,s23-157,0,prefill,q16,steady,ok,phase/2,109,12,0,甲甲甲甲甲甲甲甲甲甲甲甲,trace-s23-157,baseline,100650,phase-v7-23,phase/v7,phase/client.csv,e1d6c61d8472f5ebba74de72f8eabcd2e04c7e419e16e16c91a43330f2886c38
p2,s23-160,0,prefill,q16,steady,ok,phase/2,109,12,4,甲甲甲甲甲甲甲甲甲甲甲甲,trace-s23-160,baseline,90000,phase-v7-23,phase/v7,phase/client.csv,476c78e6e645420f6445e71f206f00ee4c620f27c31c33d3d9fcae89ca6df564
l11,s23-084,0,link,q16,steady,ok,phase/1,0.029,48,0,甲甲甲甲甲甲甲甲甲甲甲甲,trace-s23-084,recent,90000,phase-v7-23,phase/v7,phase/client.csv,5f92907faa7f11f697a3813baf2aa962e044a0c3a3898d3074154832755d4505
l11,s23-078,0,link,q16,steady,ok,phase/1,0.029,48,0,甲甲甲甲甲甲甲甲甲甲甲甲,trace-s23-078,baseline,90000,phase-v7-23,phase/v7,phase/client.csv,00ed74c858455f706c4458183401cb354844275882b1acb177bf9556f4bdc6bc
p1,s23-002,0,prefill,q16,steady,ok,phase/2,83,0,0,,trace-s23-002,baseline,90000,phase-v7-23,phase/v7,phase/client.csv,812bad5a03d516275e24768747f10d30b2155d99d438ed068ed14a34a2766f30
p3,s23-029,0,prefill,q8,steady,ok,phase/2,84,12,0,甲甲甲甲甲甲甲甲甲甲甲甲,trace-s23-029,baseline,100650,phase-v7-23,phase/v7,phase/client.csv,0c5e91b96609c573c471253419cccbfe6f561083c35a08eeaee4f0751625815f
p2,s23-021,0,prefill,q16,steady,ok,phase/1,0.141,36,0,甲甲甲甲甲甲甲甲甲甲甲甲甲甲甲甲甲甲甲甲甲甲甲甲甲甲甲甲甲甲甲甲甲甲甲甲,trace-s23-021,baseline,90000,phase-v7-23,phase/v7,phase/client.csv,9e21ba3368841239a3f4a5534b47d4a6356f8e2db960f73cfa1192106370dabb
p1,s23-003,0,prefill,q16,steady,ok,phase/1,0.083,0,0,,trace-s23-003,baseline,90000,phase-v7-23,phase/v7,phase/client.csv,4eee16dc3f6c210980d135338f306cfb0cf973376318bc97f6840a8aca345688
d2,s23-051,0,decode,q16,steady,ok,phase/1,0.051,0,0,,trace-s23-051,baseline,90000,phase-v7-23,phase/v7,phase/client.csv,4ea13d6bd2c3b4bc3d0d55a96659d70b49769c7fcc55aea0d8fca1a3bdc1fa9c
d2,s23-054,0,decode,q16,steady,ok,phase/1,0.055,12,0,甲甲甲甲甲甲甲甲甲甲甲甲,trace-s23-054,baseline,90000,phase-v7-23,phase/v7,phase/client.csv,a846641113cda15f6b31b5649e966b278ff071b20fc811782afb7a4f1847b54e
l23,s23-137,0,link,q8,steady,ok,phase/2,6,48,0,甲甲甲甲甲甲甲甲甲甲甲甲,trace-s23-137,baseline,90000,phase-v7-23,phase/v7,phase/client.csv,82ba087dbdd84a4c59489da175856c0408c7f1e0e1435058970a4a7089973ef2
p1,s23-008,0,prefill,q16,steady,ok,phase/2,203,36,0,甲甲甲甲甲甲甲甲甲甲甲甲甲甲甲甲甲甲甲甲甲甲甲甲甲甲甲甲甲甲甲甲甲甲甲甲,trace-s23-008,baseline,90000,phase-v7-23,phase/v7,phase/client.csv,f0205fc25f8674db9e0c4e34ea8a871e9d4ca9ca95e0cebe8214c6990d637d56
l22,s23-118,0,link,q16,steady,ok,phase/2,35,48,0,甲甲甲甲甲甲甲甲甲甲甲甲,trace-s23-118,recent,90000,phase-v7-23,phase/v7,phase/client.csv,aaac0383a7bae776300e0a8f91e0b965a3c229dec44b6abd111921a164c3bbaf
