adapter,config_hash,deployment_id,effective_us,generation,ingested_us,kv_schema,loaded_us,model_revision,quantization,ready,resource,source_kind,state,tokenizer_revision
base,cfg-d1-stable,d1-replica-adapter,95000,1,90000,q16,,rev-2026-09,int8,,d1,registry,,tok-2026-08
base,cfg-l21-stable,l21-stable-r1,90000,1,90000,q16,,rev-2026-09,int8,,l21,registry,,tok-2026-08
base,cfg-p2-stable,p2-replica-unready,95000,1,90000,q16,,rev-2026-09,int8,,p2,registry,,tok-2026-08
base,cfg-p1-stable,p1-replica-kv_schema,95000,1,90000,q16,,rev-2026-09,int8,,p1,registry,,tok-2026-08
base,cfg-l22-stable,l22-replica-generation,95000,1,90000,q16,,rev-2026-09,int8,,l22,registry,,tok-2026-08
chat,cfg-p3-blue,p3-replica-future,95000,2,200000,q8,90000,rev-2026-10,fp8,True,p3,runtime,,tok-2026-10
base,cfg-l12-stable,l12-replica-kv_schema,95000,1,90000,different-q16,90000,rev-2026-09,int8,True,l12,runtime,,tok-2026-08
base,cfg-d2-stable,d2-replica-future,95000,1,200000,q16,,rev-2026-09,int8,,d2,rollout,active,tok-2026-08
chat,cfg-p3-blue,p3-replica-quantization,95000,2,90000,q8,90000,rev-2026-10,different-fp8,True,p3,runtime,,tok-2026-10
base,cfg-l11-stable,l11-replica-generation,95000,1,90000,q16,,rev-2026-09,int8,,l11,rollout,active,tok-2026-08
base,cfg-l22-stable,l22-replica-quantization,95000,1,90000,q16,,rev-2026-09,int8,,l22,rollout,active,tok-2026-08
chat,cfg-p3-blue,p3-replica-adapter,95000,2,90000,q8,,rev-2026-10,fp8,,p3,registry,,tok-2026-10
base,cfg-l12-stable,l12-replica-generation,95000,1,90000,q16,,rev-2026-09,int8,,l12,rollout,active,tok-2026-08
base,cfg-d1-stable,d1-replica-future,95000,1,200000,q16,,rev-2026-09,int8,,d1,rollout,active,tok-2026-08
different-chat,cfg-d3-blue,d3-replica-adapter,95000,2,90000,q8,90000,rev-2026-10,fp8,True,d3,runtime,,tok-2026-10
chat,cfg-d3-blue,d3-replica-config_hash,95000,2,90000,q8,,rev-2026-10,fp8,,d3,rollout,active,tok-2026-10
chat,cfg-p3-blue,p3-blue-r2,90000,2,90000,q8,,rev-2026-10,fp8,,p3,rollout,active,tok-2026-10
base,different-cfg-p2-stable,p2-replica-config_hash,95000,1,90000,q16,90000,rev-2026-09,int8,True,p2,runtime,,tok-2026-08
base,cfg-d2-stable,d2-replica-future,95000,1,200000,q16,90000,rev-2026-09,int8,True,d2,runtime,,tok-2026-08
chat,cfg-p3-blue,p3-replica-rollout,95000,2,90000,q8,,rev-2026-10,fp8,,p3,registry,,tok-2026-10
base,cfg-d2-stable,d2-replica-future,95000,1,200000,q16,,rev-2026-09,int8,,d2,registry,,tok-2026-08
chat,cfg-l33-blue,l33-replica-tokenizer_revision,95000,2,90000,q8,,rev-2026-10,fp8,,l33,registry,,tok-2026-10
base,cfg-l11-canary,l11-canary-r2,90000,2,90000,q16,90000,rev-2026-09,int8,,l11,registry,,tok-2026-08
base,cfg-d2-stable,d2-stable-r1,90000,1,90000,q16,,rev-2026-09,int8,,d2,rollout,active,tok-2026-08
base,cfg-l22-stable,l22-replica-conflict,95000,1,100650,q16,90000,rev-2026-09,int8,True,l22,runtime,,tok-2026-08
chat,cfg-d3-blue,d3-replica-rollout,95000,12,90000,q8,,rev-2026-10,fp8,,d3,rollout,active,tok-2026-10
chat,cfg-l33-blue,l33-replica-adapter,95000,2,90000,q8,,rev-2026-10,fp8,,l33,rollout,active,tok-2026-10
base,cfg-l11-stable,l11-replica-adapter,95000,1,90000,q16,,rev-2026-09,int8,,l11,registry,,tok-2026-08
base,cfg-l23-stable,l23-replica-tokenizer_revision,95000,1,90000,q8,,rev-2026-09,int8,,l23,registry,,tok-2026-08
base,cfg-p1-stable,p1-replica-quantization,95000,1,90000,q16,90000,rev-2026-09,different-int8,True,p1,runtime,,tok-2026-08
base,cfg-p2-stable,p2-replica-config_hash,95000,1,90000,q16,,rev-2026-09,int8,,p2,rollout,active,tok-2026-08
base,cfg-l23-canary,l23-canary-r2,90000,2,90000,q8,90000,rev-2026-09,int8,True,l23,runtime,,tok-2026-08
chat,different-cfg-l33-blue,l33-replica-config_hash,95000,2,90000,q8,90000,rev-2026-10,fp8,True,l33,runtime,,tok-2026-10
chat,cfg-l33-canary,l33-canary-r2,90000,2,90000,q8,90000,rev-2026-10,fp8,,l33,registry,,tok-2026-10
chat,cfg-d3-blue,d3-replica-conflict,95000,2,90000,q8,,rev-2026-10,fp8,,d3,registry,,tok-2026-10
base,cfg-p2-stable,p2-replica-adapter,95000,1,90000,q16,,rev-2026-09,int8,,p2,rollout,active,tok-2026-08
chat,different-cfg-d3-blue,d3-replica-config_hash,95000,2,90000,q8,90000,rev-2026-10,fp8,True,d3,runtime,,tok-2026-10
base,cfg-l12-stable,l12-replica-adapter,95000,1,90000,q16,,rev-2026-09,int8,,l12,registry,,tok-2026-08
base,cfg-l21-stable,l21-replica-rollout,95000,1,90000,q16,,rev-2026-09,int8,,l21,registry,,tok-2026-08
base,cfg-d1-stable,d1-replica-quantization,95000,1,90000,q16,,rev-2026-09,int8,,d1,registry,,tok-2026-08
base,cfg-l21-stable,l21-replica-config_hash,95000,1,90000,q16,,rev-2026-09,int8,,l21,registry,,tok-2026-08
base,different-cfg-d1-stable,d1-replica-config_hash,95000,1,90000,q16,90000,rev-2026-09,int8,True,d1,runtime,,tok-2026-08
base,cfg-l21-stable,l21-replica-conflict,95000,1,90000,q16,90000,rev-2026-09,int8,False,l21,runtime,,tok-2026-08
base,cfg-l12-stable,l12-replica-future,95000,1,200000,q16,,rev-2026-09,int8,,l12,rollout,active,tok-2026-08
base,cfg-d1-stable,d1-replica-config_hash,95000,1,90000,q16,,rev-2026-09,int8,,d1,rollout,active,tok-2026-08
base,cfg-l12-stable,l12-replica-tokenizer_revision,95000,1,90000,q16,,rev-2026-09,int8,,l12,rollout,active,tok-2026-08
base,cfg-d1-stable,d1-replica-quantization,95000,1,90000,q16,90000,rev-2026-09,different-int8,True,d1,runtime,,tok-2026-08
base,cfg-d1-canary,d1-canary-r2,90000,2,90000,q16,90000,rev-2026-09,int8,,d1,registry,,tok-2026-08
base,cfg-l12-stable,l12-replica-adapter,95000,1,90000,q16,,rev-2026-09,int8,,l12,rollout,active,tok-2026-08
chat,cfg-l33-blue,l33-blue-r2,90000,2,90000,q8,90000,rev-2026-10,fp8,True,l33,runtime,,tok-2026-10
base,cfg-d1-stable,d1-replica-unready,95000,1,90000,q16,90000,rev-2026-09,int8,False,d1,runtime,,tok-2026-08
chat,cfg-d3-blue,d3-blue-r2,90000,2,90000,q8,,rev-2026-10,fp8,,d3,registry,,tok-2026-10
base,cfg-p1-stable,p1-replica-conflict,95000,1,90000,q16,,rev-2026-09,int8,,p1,registry,,tok-2026-08
base,cfg-l21-canary,l21-canary-r2,90000,2,90000,q16,90000,rev-2026-09,int8,,l21,registry,,tok-2026-08
chat,cfg-p3-blue,p3-replica-rollout,95000,2,90000,q8,90000,rev-2026-10,fp8,True,p3,runtime,,tok-2026-10
chat,cfg-d3-blue-r3,d3-blue-r3,104100,3,104050,q8,,rev-2026-10,fp8,,d3,rollout,active,tok-2026-10
base,cfg-l23-stable,l23-stable-r1,90000,1,90000,q8,,rev-2026-09,int8,,l23,rollout,active,tok-2026-08
base,cfg-p2-stable,p2-replica-rollout,95000,1,90000,q16,,rev-2026-09,int8,,p2,registry,,tok-2026-08
base,cfg-l11-stable,l11-replica-kv_schema,95000,1,90000,q16,,rev-2026-09,int8,,l11,registry,,tok-2026-08
base,cfg-d2-stable,d2-replica-tokenizer_revision,95000,1,90000,q16,90000,rev-2026-09,int8,True,d2,runtime,,different-tok-2026-08
base,cfg-l23-stable,l23-replica-kv_schema,95000,1,90000,different-q8,90000,rev-2026-09,int8,True,l23,runtime,,tok-2026-08
base,cfg-p2-stable,p2-replica-adapter,95000,1,90000,q16,,rev-2026-09,int8,,p2,registry,,tok-2026-08
base,cfg-d2-stable,d2-replica-unready,95000,1,90000,q16,,rev-2026-09,int8,,d2,registry,,tok-2026-08
base,cfg-d2-stable,d2-replica-conflict,95000,1,90000,q16,90000,rev-2026-09,int8,False,d2,runtime,,tok-2026-08
base,cfg-d1-stable,d1-replica-conflict,95000,1,100650,q16,90000,rev-2026-09,int8,True,d1,runtime,,tok-2026-08
base,cfg-p2-stable,p2-replica-kv_schema,95000,1,90000,q16,,rev-2026-09,int8,,p2,rollout,active,tok-2026-08
chat,cfg-l33-blue,l33-replica-conflict,95000,2,90000,q8,90000,rev-2026-10,fp8,False,l33,runtime,,tok-2026-10
chat,cfg-p3-blue-r3,p3-blue-r3,104100,3,104050,q8,,rev-2026-10,fp8,,p3,rollout,active,tok-2026-10
base,cfg-p2-stable,p2-replica-future,95000,1,200000,q16,,rev-2026-09,int8,,p2,rollout,active,tok-2026-08
base,cfg-d2-stable,d2-replica-generation,95000,11,90000,q16,90000,rev-2026-09,int8,True,d2,runtime,,tok-2026-08
base,cfg-d1-stable,d1-replica-conflict,95000,1,90000,q16,,rev-2026-09,int8,,d1,registry,,tok-2026-08
chat,cfg-p3-blue,p3-replica-future,95000,2,200000,q8,,rev-2026-10,fp8,,p3,registry,,tok-2026-10
base,cfg-d2-stable,d2-replica-quantization,95000,1,90000,q16,,rev-2026-09,int8,,d2,rollout,active,tok-2026-08
chat,cfg-d3-blue,d3-replica-conflict,95000,2,90000,q8,90000,rev-2026-10,fp8,False,d3,runtime,,tok-2026-10
base,cfg-l22-stable,l22-replica-tokenizer_revision,95000,1,90000,q16,,rev-2026-09,int8,,l22,rollout,active,tok-2026-08
base,cfg-l23-stable,l23-replica-rollout,95000,11,90000,q8,,rev-2026-09,int8,,l23,rollout,active,tok-2026-08
base,cfg-l23-stable,l23-replica-unready,95000,1,90000,q8,,rev-2026-09,int8,,l23,rollout,active,tok-2026-08
chat,cfg-d3-blue,d3-replica-tokenizer_revision,95000,2,90000,q8,90000,rev-2026-10,fp8,True,d3,runtime,,different-tok-2026-10
base,cfg-l21-stable,l21-replica-conflict,95000,1,100650,q16,90000,rev-2026-09,int8,True,l21,runtime,,tok-2026-08
base,cfg-d2-canary,d2-canary-r2,90000,2,90000,q16,90000,rev-2026-09,int8,,d2,rollout,shadow,tok-2026-08
chat,cfg-p3-blue,p3-replica-config_hash,95000,2,90000,q8,,rev-2026-10,fp8,,p3,rollout,active,tok-2026-10
base,cfg-p1-stable,p1-replica-future,95000,1,200000,q16,,rev-2026-09,int8,,p1,registry,,tok-2026-08
base,cfg-l21-stable,l21-replica-tokenizer_revision,95000,1,90000,q16,,rev-2026-09,int8,,l21,registry,,tok-2026-08
chat,different-cfg-p3-blue,p3-replica-config_hash,95000,2,90000,q8,90000,rev-2026-10,fp8,True,p3,runtime,,tok-2026-10
base,cfg-p1-stable,p1-replica-rollout,95000,1,90000,q16,90000,rev-2026-09,int8,True,p1,runtime,,tok-2026-08
chat,cfg-p3-blue,p3-replica-conflict,95000,2,100650,q8,90000,rev-2026-10,fp8,True,p3,runtime,,tok-2026-10
base,different-cfg-p1-stable,p1-replica-config_hash,95000,1,90000,q16,90000,rev-2026-09,int8,True,p1,runtime,,tok-2026-08
base,cfg-p2-stable,p2-replica-conflict,95000,1,90000,q16,90000,rev-2026-09,int8,False,p2,runtime,,tok-2026-08
base,cfg-p2-stable,p2-replica-rollout,95000,1,90000,q16,90000,rev-2026-09,int8,True,p2,runtime,,tok-2026-08
base,cfg-p2-stable,p2-replica-kv_schema,95000,1,90000,different-q16,90000,rev-2026-09,int8,True,p2,runtime,,tok-2026-08
base,cfg-l23-stable,l23-replica-adapter,95000,1,90000,q8,,rev-2026-09,int8,,l23,registry,,tok-2026-08
base,cfg-d2-stable,d2-replica-kv_schema,95000,1,90000,q16,,rev-2026-09,int8,,d2,registry,,tok-2026-08
base,cfg-l22-stable,l22-replica-rollout,95000,1,90000,q16,90000,rev-2026-09,int8,True,l22,runtime,,tok-2026-08
base,cfg-l12-stable,l12-replica-rollout,95000,1,90000,q16,90000,rev-2026-09,int8,True,l12,runtime,,tok-2026-08
base,cfg-l21-stable,l21-replica-quantization,95000,1,90000,q16,,rev-2026-09,int8,,l21,registry,,tok-2026-08
chat,cfg-p3-blue,p3-replica-tokenizer_revision,95000,2,90000,q8,,rev-2026-10,fp8,,p3,registry,,tok-2026-10
chat,cfg-l33-blue,l33-replica-kv_schema,95000,2,90000,q8,,rev-2026-10,fp8,,l33,rollout,active,tok-2026-10
chat,cfg-p3-blue,p3-replica-quantization,95000,2,90000,q8,,rev-2026-10,fp8,,p3,registry,,tok-2026-10
chat,cfg-p3-blue,p3-replica-generation,95000,2,90000,q8,,rev-2026-10,fp8,,p3,registry,,tok-2026-10
base,cfg-d2-stable,d2-replica-unready,95000,1,90000,q16,90000,rev-2026-09,int8,False,d2,runtime,,tok-2026-08
base,cfg-l21-stable,l21-replica-rollout,95000,1,90000,q16,90000,rev-2026-09,int8,True,l21,runtime,,tok-2026-08
chat,cfg-p3-blue,p3-blue-r2,90000,2,90000,q8,,rev-2026-10,fp8,,p3,registry,,tok-2026-10
base,cfg-p1-stable,p1-replica-config_hash,95000,1,90000,q16,,rev-2026-09,int8,,p1,rollout,active,tok-2026-08
base,cfg-l21-stable,l21-replica-future,95000,1,200000,q16,,rev-2026-09,int8,,l21,rollout,active,tok-2026-08
base,cfg-l21-canary,l21-canary-r2,90000,2,90000,q16,90000,rev-2026-09,int8,,l21,rollout,shadow,tok-2026-08
base,cfg-l12-canary,l12-canary-r2,90000,2,90000,q16,90000,rev-2026-09,int8,,l12,rollout,shadow,tok-2026-08
chat,cfg-d3-blue,d3-replica-quantization,95000,2,90000,q8,90000,rev-2026-10,different-fp8,True,d3,runtime,,tok-2026-10
base,cfg-l23-stable,l23-replica-future,95000,1,200000,q8,,rev-2026-09,int8,,l23,rollout,active,tok-2026-08
base,cfg-d2-stable,d2-replica-conflict,95000,1,90000,q16,,rev-2026-09,int8,,d2,rollout,active,tok-2026-08
base,cfg-l21-stable,l21-replica-unready,95000,1,90000,q16,,rev-2026-09,int8,,l21,registry,,tok-2026-08
chat,cfg-d3-canary,d3-canary-r2,90000,2,90000,q8,90000,rev-2026-10,fp8,,d3,rollout,shadow,tok-2026-10
base,cfg-l21-stable,l21-stable-r1,90000,1,90000,q16,90000,rev-2026-09,int8,True,l21,runtime,,tok-2026-08
base,cfg-d1-stable,d1-stable-r1,90000,1,90000,q16,90000,rev-2026-09,int8,True,d1,runtime,,tok-2026-08
base,cfg-l11-stable,l11-replica-config_hash,95000,1,90000,q16,,rev-2026-09,int8,,l11,rollout,active,tok-2026-08
base,cfg-l23-stable,l23-replica-quantization,95000,1,90000,q8,90000,rev-2026-09,different-int8,True,l23,runtime,,tok-2026-08
base,cfg-l23-stable,l23-replica-conflict,95000,1,90000,q8,,rev-2026-09,int8,,l23,rollout,active,tok-2026-08
base,cfg-p2-stable,p2-replica-rollout,95000,11,90000,q16,,rev-2026-09,int8,,p2,rollout,active,tok-2026-08
base,cfg-d1-stable,d1-replica-future,95000,1,200000,q16,90000,rev-2026-09,int8,True,d1,runtime,,tok-2026-08
base,cfg-p1-stable,p1-stable-r1,90000,1,90000,q16,,rev-2026-09,int8,,p1,registry,,tok-2026-08
base,cfg-d2-stable,d2-replica-rollout,95000,1,90000,q16,,rev-2026-09,int8,,d2,registry,,tok-2026-08
chat,cfg-l33-canary,l33-canary-r2,90000,2,90000,q8,90000,rev-2026-10,fp8,,l33,rollout,shadow,tok-2026-10
base,cfg-l22-stable,l22-replica-kv_schema,95000,1,90000,q16,,rev-2026-09,int8,,l22,registry,,tok-2026-08
chat,cfg-d3-blue,d3-blue-r2,90000,2,90000,q8,,rev-2026-10,fp8,,d3,rollout,active,tok-2026-10
base,cfg-l12-stable,l12-replica-quantization,95000,1,90000,q16,,rev-2026-09,int8,,l12,rollout,active,tok-2026-08
base,cfg-l23-stable,l23-replica-kv_schema,95000,1,90000,q8,,rev-2026-09,int8,,l23,rollout,active,tok-2026-08
base,cfg-p1-stable,p1-replica-conflict,95000,1,90000,q16,90000,rev-2026-09,int8,False,p1,runtime,,tok-2026-08
base,cfg-l12-stable,l12-replica-generation,95000,11,90000,q16,90000,rev-2026-09,int8,True,l12,runtime,,tok-2026-08
chat,cfg-l33-blue,l33-replica-config_hash,95000,2,90000,q8,,rev-2026-10,fp8,,l33,registry,,tok-2026-10
base,cfg-p1-stable,p1-replica-unready,95000,1,90000,q16,90000,rev-2026-09,int8,False,p1,runtime,,tok-2026-08
base,cfg-p2-stable,p2-replica-tokenizer_revision,95000,1,90000,q16,,rev-2026-09,int8,,p2,registry,,tok-2026-08
base,cfg-l12-stable,l12-replica-generation,95000,1,90000,q16,,rev-2026-09,int8,,l12,registry,,tok-2026-08
chat,cfg-p3-blue,p3-replica-kv_schema,95000,2,90000,q8,,rev-2026-10,fp8,,p3,registry,,tok-2026-10
base,cfg-l11-canary,l11-canary-r2,90000,2,90000,q16,90000,rev-2026-09,int8,,l11,rollout,shadow,tok-2026-08
base,cfg-d2-stable,d2-replica-kv_schema,95000,1,90000,different-q16,90000,rev-2026-09,int8,True,d2,runtime,,tok-2026-08
base,cfg-l12-stable,l12-replica-tokenizer_revision,95000,1,90000,q16,,rev-2026-09,int8,,l12,registry,,tok-2026-08
base,cfg-p2-stable,p2-stable-r1,90000,1,90000,q16,90000,rev-2026-09,int8,True,p2,runtime,,tok-2026-08
base,cfg-p2-canary,p2-canary-r2,90000,2,90000,q16,90000,rev-2026-09,int8,,p2,registry,,tok-2026-08
chat,cfg-l33-blue,l33-replica-generation,95000,2,90000,q8,,rev-2026-10,fp8,,l33,rollout,active,tok-2026-10
chat,cfg-l33-blue,l33-replica-conflict,95000,2,100650,q8,90000,rev-2026-10,fp8,True,l33,runtime,,tok-2026-10
chat,cfg-l33-blue,l33-replica-unready,95000,2,90000,q8,,rev-2026-10,fp8,,l33,registry,,tok-2026-10
base,cfg-l12-stable,l12-replica-kv_schema,95000,1,90000,q16,,rev-2026-09,int8,,l12,registry,,tok-2026-08
base,cfg-p1-stable,p1-replica-unready,95000,1,90000,q16,,rev-2026-09,int8,,p1,registry,,tok-2026-08
chat,cfg-d3-blue,d3-blue-r2,90000,2,90000,q8,90000,rev-2026-10,fp8,True,d3,runtime,,tok-2026-10
base,cfg-l23-stable,l23-replica-tokenizer_revision,95000,1,90000,q8,,rev-2026-09,int8,,l23,rollout,active,tok-2026-08
chat,cfg-l33-blue-r3,l33-blue-r3,104100,3,104050,q8,,rev-2026-10,fp8,,l33,registry,,tok-2026-10
base,cfg-l21-stable,l21-replica-generation,95000,1,90000,q16,,rev-2026-09,int8,,l21,rollout,active,tok-2026-08
base,cfg-l22-stable,l22-replica-generation,95000,11,90000,q16,90000,rev-2026-09,int8,True,l22,runtime,,tok-2026-08
base,cfg-l21-stable,l21-replica-tokenizer_revision,95000,1,90000,q16,,rev-2026-09,int8,,l21,rollout,active,tok-2026-08
base,cfg-l11-stable,l11-replica-conflict,95000,1,90000,q16,,rev-2026-09,int8,,l11,rollout,active,tok-2026-08
chat,cfg-p3-blue,p3-replica-unready,95000,2,90000,q8,90000,rev-2026-10,fp8,False,p3,runtime,,tok-2026-10
base,cfg-l12-stable,l12-replica-conflict,95000,1,90000,q16,90000,rev-2026-09,int8,False,l12,runtime,,tok-2026-08
