resource,sample_id,attempt,role,layout,phase,status,schema,duration,coordinate,cached_tokens,prompt,trace_id,cohort,ingested_us,deployment_id,model_revision,tokenizer_revision,quantization,kv_schema,adapter
p2,s23-168,1,prefill,q16,steady,ok,phase/1,0.109,12,0,甲甲甲甲甲甲甲甲甲甲甲甲,trace-s23-168,baseline,90000,p2-stable-r1,rev-2026-09,tok-2026-08,int8,q16,base
l21,s23-102,0,link,q16,steady,ok,phase/1,0.023,48,0,甲甲甲甲甲甲甲甲甲甲甲甲,trace-s23-102,baseline,90000,l21-stable-r1,rev-2026-09,tok-2026-08,int8,q16,base
l21,s23-097,0,link,q16,steady,ok,phase/2,15,0,0,,trace-s23-097,baseline,90000,l21-stable-r1,rev-2026-09,tok-2026-08,int8,q16,base
p3,s23-027,0,prefill,q8,steady,ok,phase/1,0.068,0,0,,trace-s23-027,baseline,100650,p3-blue-r2,rev-2026-10,tok-2026-10,fp8,q8,chat
l33,s23-130,0,link,q8,steady,ok,phase/2,17,48,0,甲甲甲甲甲甲甲甲甲甲甲甲,trace-s23-130,recent,90000,l33-blue-r2,rev-2026-10,tok-2026-10,fp8,q8,chat
p2,s23-023,0,prefill,q16,steady,ok,phase/2,218,12,0,甲甲甲甲甲甲甲甲甲甲甲甲,trace-s23-023,recent,90000,p2-stable-r1,rev-2026-09,tok-2026-08,int8,q16,base
p2,s23-017,0,prefill,q16,steady,ok,phase/2,109,12,0,甲甲甲甲甲甲甲甲甲甲甲甲,trace-s23-017,baseline,90000,p2-stable-r1,rev-2026-09,tok-2026-08,int8,q16,base
d1,s23-048,0,decode,q16,steady,ok,phase/1,0.046,12,0,甲甲甲甲甲甲甲甲甲甲甲甲,trace-s23-048,recent,90000,d1-stable-r1,rev-2026-09,tok-2026-08,int8,q16,base
l21,s23-100,0,link,q16,steady,ok,phase/2,23,48,0,甲甲甲甲甲甲甲甲甲甲甲甲,trace-s23-100,baseline,90000,l21-stable-r1,rev-2026-09,tok-2026-08,int8,q16,base
l11,s23-170,0,link,q16,steady,ok,phase/2,29,48,0,甲甲甲甲甲甲甲甲甲甲甲甲,trace-s23-170,baseline,90000,l11-stable-r1,rev-2026-09,tok-2026-08,int8,q16,base
l12,s23-089,0,link,q16,steady,ok,phase/2,26,48,0,甲甲甲甲甲甲甲甲甲甲甲甲,trace-s23-089,baseline,90000,l12-stable-r1,rev-2026-09,tok-2026-08,int8,q16,base
d3,s23-066,0,decode,q8,steady,ok,phase/1,0.033,12,0,甲甲甲甲甲甲甲甲甲甲甲甲,trace-s23-066,baseline,100650,d3-blue-r2,rev-2026-10,tok-2026-10,fp8,q8,chat
l12,s23-086,0,link,q16,steady,ok,phase/2,18,0,0,,trace-s23-086,baseline,90000,l12-stable-r1,rev-2026-09,tok-2026-08,int8,q16,base
l12,s23-094,0,link,q16,steady,ok,phase/2,52,48,0,甲甲甲甲甲甲甲甲甲甲甲甲,trace-s23-094,recent,90000,l12-stable-r1,rev-2026-09,tok-2026-08,int8,q16,base
p2,s23-154,0,prefill,q16,steady,ok,phase/2,109,12,0,甲甲甲甲甲甲甲甲甲甲甲甲,trace-s23-154,baseline,200000,p2-stable-r1,rev-2026-09,tok-2026-08,int8,q16,base
p2,s23-160,0,prefill,q16,steady,ok,phase/2,109,12,4,甲甲甲甲甲甲甲甲甲甲甲甲,trace-s23-160,baseline,90000,p2-stable-r1,rev-2026-09,tok-2026-08,int8,q16,base
d3,s23-065,0,decode,q8,steady,ok,phase/2,33,12,0,甲甲甲甲甲甲甲甲甲甲甲甲,trace-s23-065,baseline,100650,d3-blue-r2,rev-2026-10,tok-2026-10,fp8,q8,chat
l21,s23-099,0,link,q16,steady,ok,phase/1,0.015,0,0,,trace-s23-099,baseline,90000,l21-stable-r1,rev-2026-09,tok-2026-08,int8,q16,base
l33,s23-129,0,link,q8,steady,ok,phase/1,0.017,48,0,甲甲甲甲甲甲甲甲甲甲甲甲,trace-s23-129,recent,90000,l33-blue-r2,rev-2026-10,tok-2026-10,fp8,q8,chat
p3,s23-032-roll,0,prefill,q8,steady,ok,phase/2,116,36,0,甲甲甲甲甲甲甲甲甲甲甲甲甲甲甲甲甲甲甲甲甲甲甲甲甲甲甲甲甲甲甲甲甲甲甲甲,trace-s23-032-roll,baseline,104050,p3-blue-r3,rev-2026-10,tok-2026-10,fp8,q8,chat
l22,s23-113,0,link,q16,steady,ok,phase/2,35,48,0,甲甲甲甲甲甲甲甲甲甲甲甲,trace-s23-113,baseline,90000,l22-stable-r1,rev-2026-09,tok-2026-08,int8,q16,base
l11,s23-080,0,link,q16,steady,ok,phase/2,61,144,0,甲甲甲甲甲甲甲甲甲甲甲甲甲甲甲甲甲甲甲甲甲甲甲甲甲甲甲甲甲甲甲甲甲甲甲甲,trace-s23-080,baseline,90000,l11-stable-r1,rev-2026-09,tok-2026-08,int8,q16,base
p3,s23-029-roll,0,prefill,q8,steady,ok,phase/2,84,12,0,甲甲甲甲甲甲甲甲甲甲甲甲,trace-s23-029-roll,baseline,104050,p3-blue-r3,rev-2026-10,tok-2026-10,fp8,q8,chat
p3,s23-032,0,prefill,q8,steady,ok,phase/2,116,36,0,甲甲甲甲甲甲甲甲甲甲甲甲甲甲甲甲甲甲甲甲甲甲甲甲甲甲甲甲甲甲甲甲甲甲甲甲,trace-s23-032,baseline,100650,p3-blue-r2,rev-2026-10,tok-2026-10,fp8,q8,chat
l12,s23-091,0,link,q16,steady,ok,phase/2,42,144,0,甲甲甲甲甲甲甲甲甲甲甲甲甲甲甲甲甲甲甲甲甲甲甲甲甲甲甲甲甲甲甲甲甲甲甲甲,trace-s23-091,baseline,90000,l12-stable-r1,rev-2026-09,tok-2026-08,int8,q16,base
d3,s23-063-roll,0,decode,q8,steady,ok,phase/1,0.025,0,0,,trace-s23-063-roll,baseline,104050,d3-blue-r3,rev-2026-10,tok-2026-10,fp8,q8,chat
p2,s23-024,0,prefill,q16,steady,ok,phase/1,0.218,12,0,甲甲甲甲甲甲甲甲甲甲甲甲,trace-s23-024,recent,90000,p2-stable-r1,rev-2026-09,tok-2026-08,int8,q16,base
l21,s23-106,0,link,q16,steady,ok,phase/2,23,48,0,甲甲甲甲甲甲甲甲甲甲甲甲,trace-s23-106,recent,90000,l21-stable-r1,rev-2026-09,tok-2026-08,int8,q16,base
l12,s23-090,0,link,q16,steady,ok,phase/1,0.026,48,0,甲甲甲甲甲甲甲甲甲甲甲甲,trace-s23-090,baseline,90000,l12-stable-r1,rev-2026-09,tok-2026-08,int8,q16,base
l11,s23-078,0,link,q16,steady,ok,phase/1,0.029,48,0,甲甲甲甲甲甲甲甲甲甲甲甲,trace-s23-078,baseline,90000,l11-stable-r1,rev-2026-09,tok-2026-08,int8,q16,base
l11,s23-077,0,link,q16,steady,ok,phase/2,29,48,0,甲甲甲甲甲甲甲甲甲甲甲甲,trace-s23-077,baseline,90000,l11-stable-r1,rev-2026-09,tok-2026-08,int8,q16,base
p3,s23-025-roll,0,prefill,q8,steady,ok,phase/2,68,0,0,,trace-s23-025-roll,baseline,104050,p3-blue-r3,rev-2026-10,tok-2026-10,fp8,q8,chat
p1,s23-001,0,prefill,q16,steady,ok,phase/2,83,0,0,,trace-s23-001,baseline,90000,p1-stable-r1,rev-2026-09,tok-2026-08,int8,q16,base
p2,s23-018,0,prefill,q16,steady,ok,phase/1,0.109,12,0,甲甲甲甲甲甲甲甲甲甲甲甲,trace-s23-018,baseline,90000,p2-stable-r1,rev-2026-09,tok-2026-08,int8,q16,base
d3,s23-062-roll,0,decode,q8,steady,ok,phase/2,25,0,0,,trace-s23-062-roll,baseline,104050,d3-blue-r3,rev-2026-10,tok-2026-10,fp8,q8,chat
l23,s23-135,0,link,q8,steady,ok,phase/1,0.006,48,0,甲甲甲甲甲甲甲甲甲甲甲甲,trace-s23-135,baseline,90000,l23-stable-r1,rev-2026-09,tok-2026-08,int8,q8,base
d2,s23-052,0,decode,q16,steady,ok,phase/2,55,12,0,甲甲甲甲甲甲甲甲甲甲甲甲,trace-s23-052,baseline,90000,d2-stable-r1,rev-2026-09,tok-2026-08,int8,q16,base
p2,s23-157,0,prefill,q16,steady,ok,phase/2,109,12,0,甲甲甲甲甲甲甲甲甲甲甲甲,trace-s23-157,baseline,100650,p2-stable-r1,rev-2026-09,tok-2026-08,int8,q16,base
l21,s23-105,0,link,q16,steady,ok,phase/1,0.023,48,0,甲甲甲甲甲甲甲甲甲甲甲甲,trace-s23-105,recent,90000,l21-stable-r1,rev-2026-09,tok-2026-08,int8,q16,base
p3,s23-035,0,prefill,q8,steady,ok,phase/2,84,12,0,甲甲甲甲甲甲甲甲甲甲甲甲,trace-s23-035,recent,90000,p3-blue-r2,rev-2026-10,tok-2026-10,fp8,q8,chat
l33,s23-126-roll,0,link,q8,steady,ok,phase/1,0.033,144,0,甲甲甲甲甲甲甲甲甲甲甲甲甲甲甲甲甲甲甲甲甲甲甲甲甲甲甲甲甲甲甲甲甲甲甲甲,trace-s23-126-roll,baseline,104050,l33-blue-r3,rev-2026-10,tok-2026-10,fp8,q8,chat
d3,s23-062,0,decode,q8,steady,ok,phase/2,25,0,0,,trace-s23-062,baseline,100650,d3-blue-r2,rev-2026-10,tok-2026-10,fp8,q8,chat
p1,s23-008,0,prefill,q16,steady,ok,phase/2,203,36,0,甲甲甲甲甲甲甲甲甲甲甲甲甲甲甲甲甲甲甲甲甲甲甲甲甲甲甲甲甲甲甲甲甲甲甲甲,trace-s23-008,baseline,90000,p1-stable-r1,rev-2026-09,tok-2026-08,int8,q16,base
d1,s23-043,0,decode,q16,steady,ok,phase/2,62,36,0,甲甲甲甲甲甲甲甲甲甲甲甲甲甲甲甲甲甲甲甲甲甲甲甲甲甲甲甲甲甲甲甲甲甲甲甲,trace-s23-043,baseline,90000,d1-stable-r1,rev-2026-09,tok-2026-08,int8,q16,base
p1,s23-011,0,prefill,q16,steady,ok,phase/2,123,12,0,甲甲甲甲甲甲甲甲甲甲甲甲,trace-s23-011,recent,90000,p1-stable-r1,rev-2026-09,tok-2026-08,int8,q16,base
p2,s23-016,0,prefill,q16,steady,ok,phase/2,109,12,0,甲甲甲甲甲甲甲甲甲甲甲甲,trace-s23-016,baseline,90000,p2-stable-r1,rev-2026-09,tok-2026-08,int8,q16,base
l12,s23-087,0,link,q16,steady,ok,phase/1,0.018,0,0,,trace-s23-087,baseline,90000,l12-stable-r1,rev-2026-09,tok-2026-08,int8,q16,base
p2,s23-158,0,prefill,q16,steady,ok,phase/2,NaN,12,0,甲甲甲甲甲甲甲甲甲甲甲甲,trace-s23-158,baseline,90000,p2-stable-r1,rev-2026-09,tok-2026-08,int8,q16,base
l33,s23-120,0,link,q8,steady,ok,phase/1,0.009,0,0,,trace-s23-120,baseline,100650,l33-blue-r2,rev-2026-10,tok-2026-10,fp8,q8,chat
p2,s23-156,0,prefill,q16,steady,ok,phase/1,0.109,12,0,甲甲甲甲甲甲甲甲甲甲甲甲,trace-s23-156,baseline,90000,p2-stable-r1,rev-2026-09,tok-2026-08,int8,q16,base
p2,s23-155,0,prefill,q16,steady,ok,phase/2,109,12,4,甲甲甲甲甲甲甲甲甲甲甲甲,trace-s23-155,baseline,90000,p2-stable-r1,rev-2026-09,tok-2026-08,int8,q16,base
d1,s23-041,0,decode,q16,steady,ok,phase/2,46,12,0,甲甲甲甲甲甲甲甲甲甲甲甲,trace-s23-041,baseline,90000,d1-stable-r1,rev-2026-09,tok-2026-08,int8,q16,base
l23,s23-140,0,link,q8,steady,ok,phase/2,10,144,0,甲甲甲甲甲甲甲甲甲甲甲甲甲甲甲甲甲甲甲甲甲甲甲甲甲甲甲甲甲甲甲甲甲甲甲甲,trace-s23-140,baseline,90000,l23-stable-r1,rev-2026-09,tok-2026-08,int8,q8,base
d3,s23-067-roll,0,decode,q8,steady,ok,phase/2,49,36,0,甲甲甲甲甲甲甲甲甲甲甲甲甲甲甲甲甲甲甲甲甲甲甲甲甲甲甲甲甲甲甲甲甲甲甲甲,trace-s23-067-roll,baseline,104050,d3-blue-r3,rev-2026-10,tok-2026-10,fp8,q8,chat
p2,s23-019,0,prefill,q16,steady,ok,phase/2,141,36,0,甲甲甲甲甲甲甲甲甲甲甲甲甲甲甲甲甲甲甲甲甲甲甲甲甲甲甲甲甲甲甲甲甲甲甲甲,trace-s23-019,baseline,90000,p2-stable-r1,rev-2026-09,tok-2026-08,int8,q16,base
d3,s23-064,0,decode,q8,steady,ok,phase/2,33,12,0,甲甲甲甲甲甲甲甲甲甲甲甲,trace-s23-064,baseline,100650,d3-blue-r2,rev-2026-10,tok-2026-10,fp8,q8,chat
d3,s23-071-roll,0,decode,q8,steady,ok,phase/2,33,12,0,甲甲甲甲甲甲甲甲甲甲甲甲,trace-s23-071-roll,recent,104050,d3-blue-r3,rev-2026-10,tok-2026-10,fp8,q8,chat
d3,s23-064-roll,0,decode,q8,steady,ok,phase/2,33,12,0,甲甲甲甲甲甲甲甲甲甲甲甲,trace-s23-064-roll,baseline,104050,d3-blue-r3,rev-2026-10,tok-2026-10,fp8,q8,chat
d1,s23-040,0,decode,q16,steady,ok,phase/2,46,12,0,甲甲甲甲甲甲甲甲甲甲甲甲,trace-s23-040,baseline,90000,d1-stable-r1,rev-2026-09,tok-2026-08,int8,q16,base
p3,s23-036,0,prefill,q8,steady,ok,phase/1,0.084,12,0,甲甲甲甲甲甲甲甲甲甲甲甲,trace-s23-036,recent,90000,p3-blue-r2,rev-2026-10,tok-2026-10,fp8,q8,chat
l33,s23-125-roll,0,link,q8,steady,ok,phase/2,17,48,0,甲甲甲甲甲甲甲甲甲甲甲甲,trace-s23-125-roll,baseline,104050,l33-blue-r3,rev-2026-10,tok-2026-10,fp8,q8,chat
l33,s23-123,0,link,q8,steady,ok,phase/1,0.017,48,0,甲甲甲甲甲甲甲甲甲甲甲甲,trace-s23-123,baseline,100650,l33-blue-r2,rev-2026-10,tok-2026-10,fp8,q8,chat
p2,s23-020,0,prefill,q16,steady,ok,phase/2,141,36,0,甲甲甲甲甲甲甲甲甲甲甲甲甲甲甲甲甲甲甲甲甲甲甲甲甲甲甲甲甲甲甲甲甲甲甲甲,trace-s23-020,baseline,90000,p2-stable-r1,rev-2026-09,tok-2026-08,int8,q16,base
l21,s23-107,0,link,q16,steady,ok,phase/2,23,48,0,甲甲甲甲甲甲甲甲甲甲甲甲,trace-s23-107,recent,90000,l21-stable-r1,rev-2026-09,tok-2026-08,int8,q16,base
d2,s23-055,0,decode,q16,steady,ok,phase/2,63,36,0,甲甲甲甲甲甲甲甲甲甲甲甲甲甲甲甲甲甲甲甲甲甲甲甲甲甲甲甲甲甲甲甲甲甲甲甲,trace-s23-055,baseline,90000,d2-stable-r1,rev-2026-09,tok-2026-08,int8,q16,base
l21,s23-148,0,link,q16,steady,ok,phase/2,39,144,0,甲甲甲甲甲甲甲甲甲甲甲甲甲甲甲甲甲甲甲甲甲甲甲甲甲甲甲甲甲甲甲甲甲甲甲甲,trace-s23-148,baseline,100650,l21-stable-r1,rev-2026-09,tok-2026-08,int8,q16,base
l23,s23-138,0,link,q8,steady,ok,phase/1,0.01,144,0,甲甲甲甲甲甲甲甲甲甲甲甲甲甲甲甲甲甲甲甲甲甲甲甲甲甲甲甲甲甲甲甲甲甲甲甲,trace-s23-138,baseline,90000,l23-stable-r1,rev-2026-09,tok-2026-08,int8,q8,base
p1,s23-009,0,prefill,q16,steady,ok,phase/1,0.203,36,0,甲甲甲甲甲甲甲甲甲甲甲甲甲甲甲甲甲甲甲甲甲甲甲甲甲甲甲甲甲甲甲甲甲甲甲甲,trace-s23-009,baseline,90000,p1-stable-r1,rev-2026-09,tok-2026-08,int8,q16,base
p3,s23-031-roll,0,prefill,q8,steady,ok,phase/2,116,36,0,甲甲甲甲甲甲甲甲甲甲甲甲甲甲甲甲甲甲甲甲甲甲甲甲甲甲甲甲甲甲甲甲甲甲甲甲,trace-s23-031-roll,baseline,104050,p3-blue-r3,rev-2026-10,tok-2026-10,fp8,q8,chat
p1,s23-001,0,prefill,q16,steady,ok,phase/2,83,0,0,,trace-s23-001,baseline,90000,p1-stable-r1,rev-2026-09,tok-2026-08,int8,q16,base
l33,s23-125,0,link,q8,steady,ok,phase/2,17,48,0,甲甲甲甲甲甲甲甲甲甲甲甲,trace-s23-125,baseline,100650,l33-blue-r2,rev-2026-10,tok-2026-10,fp8,q8,chat
d1,s23-044,0,decode,q16,steady,ok,phase/2,62,36,0,甲甲甲甲甲甲甲甲甲甲甲甲甲甲甲甲甲甲甲甲甲甲甲甲甲甲甲甲甲甲甲甲甲甲甲甲,trace-s23-044,baseline,90000,d1-stable-r1,rev-2026-09,tok-2026-08,int8,q16,base
l21,s23-103,0,link,q16,steady,ok,phase/2,39,144,0,甲甲甲甲甲甲甲甲甲甲甲甲甲甲甲甲甲甲甲甲甲甲甲甲甲甲甲甲甲甲甲甲甲甲甲甲,trace-s23-103,baseline,90000,l21-stable-r1,rev-2026-09,tok-2026-08,int8,q16,base
l33,s23-127-roll,0,link,q8,steady,ok,phase/2,33,144,0,甲甲甲甲甲甲甲甲甲甲甲甲甲甲甲甲甲甲甲甲甲甲甲甲甲甲甲甲甲甲甲甲甲甲甲甲,trace-s23-127-roll,baseline,104050,l33-blue-r3,rev-2026-10,tok-2026-10,fp8,q8,chat
l11,s23-082,0,link,q16,steady,ok,phase/2,29,48,0,甲甲甲甲甲甲甲甲甲甲甲甲,trace-s23-082,recent,90000,l11-stable-r1,rev-2026-09,tok-2026-08,int8,q16,base
l22,s23-116,0,link,q16,steady,ok,phase/2,83,144,0,甲甲甲甲甲甲甲甲甲甲甲甲甲甲甲甲甲甲甲甲甲甲甲甲甲甲甲甲甲甲甲甲甲甲甲甲,trace-s23-116,baseline,90000,l22-stable-r1,rev-2026-09,tok-2026-08,int8,q16,base
p2,s23-162,0,prefill,q16,steady,ok,phase/1,0.109,12,0,甲甲甲甲甲甲甲甲甲甲甲甲,trace-s23-162,baseline,90000,p2-stable-r1,rev-2026-09,tok-legacy,int8,q16,base
p3,s23-033,0,prefill,q8,steady,ok,phase/1,0.116,36,0,甲甲甲甲甲甲甲甲甲甲甲甲甲甲甲甲甲甲甲甲甲甲甲甲甲甲甲甲甲甲甲甲甲甲甲甲,trace-s23-033,baseline,100650,p3-blue-r2,rev-2026-10,tok-2026-10,fp8,q8,chat
p3,s23-036-roll,0,prefill,q8,steady,ok,phase/1,0.084,12,0,甲甲甲甲甲甲甲甲甲甲甲甲,trace-s23-036-roll,recent,104050,p3-blue-r3,rev-2026-10,tok-2026-10,fp8,q8,chat
l11,s23-084,0,link,q16,steady,ok,phase/1,0.029,48,0,甲甲甲甲甲甲甲甲甲甲甲甲,trace-s23-084,recent,90000,l11-stable-r1,rev-2026-09,tok-2026-08,int8,q16,base
d3,s23-070,0,decode,q8,steady,ok,phase/2,33,12,0,甲甲甲甲甲甲甲甲甲甲甲甲,trace-s23-070,recent,90000,d3-blue-r2,rev-2026-10,tok-2026-10,fp8,q8,chat
l33,s23-121,0,link,q8,steady,ok,phase/2,9,0,0,,trace-s23-121,baseline,100650,l33-blue-r2,rev-2026-10,tok-2026-10,fp8,q8,chat
d3,s23-068,0,decode,q8,steady,ok,phase/2,49,36,0,甲甲甲甲甲甲甲甲甲甲甲甲甲甲甲甲甲甲甲甲甲甲甲甲甲甲甲甲甲甲甲甲甲甲甲甲,trace-s23-068,baseline,100650,d3-blue-r2,rev-2026-10,tok-2026-10,fp8,q8,chat
p1,s23-144,0,prefill,q16,steady,ok,phase/1,0.369,12,0,甲甲甲甲甲甲甲甲甲甲甲甲,trace-s23-144,baseline,100650,p1-stable-r1,rev-2026-09,tok-2026-08,int8,q16,base
p2,s23-014,0,prefill,q16,steady,ok,phase/2,93,0,0,,trace-s23-014,baseline,90000,p2-stable-r1,rev-2026-09,tok-2026-08,int8,q16,base
l21,s23-101,0,link,q16,steady,ok,phase/2,23,48,0,甲甲甲甲甲甲甲甲甲甲甲甲,trace-s23-101,baseline,90000,l21-stable-r1,rev-2026-09,tok-2026-08,int8,q16,base
l23,s23-133,0,link,q8,steady,ok,phase/2,4,0,0,,trace-s23-133,baseline,90000,l23-stable-r1,rev-2026-09,tok-2026-08,int8,q8,base
d1,s23-038,0,decode,q16,steady,ok,phase/2,38,0,0,,trace-s23-038,baseline,90000,d1-stable-r1,rev-2026-09,tok-2026-08,int8,q16,base
d2,s23-059,0,decode,q16,steady,ok,phase/2,55,12,0,甲甲甲甲甲甲甲甲甲甲甲甲,trace-s23-059,recent,90000,d2-stable-r1,rev-2026-09,tok-2026-08,int8,q16,base
p2,s23-149,0,prefill,q16,compile,ok,phase/2,109,12,0,甲甲甲甲甲甲甲甲甲甲甲甲,trace-s23-149,baseline,90000,p2-stable-r1,rev-2026-09,tok-2026-08,int8,q16,base
d1,s23-169,0,decode,q16,steady,ok,phase/2,47,12,0,甲甲甲甲甲甲甲甲甲甲甲甲,trace-s23-169,baseline,90000,d1-stable-r1,rev-2026-09,tok-2026-08,int8,q16,base
d2,s23-060,0,decode,q16,steady,ok,phase/1,0.055,12,0,甲甲甲甲甲甲甲甲甲甲甲甲,trace-s23-060,recent,90000,d2-stable-r1,rev-2026-09,tok-2026-08,int8,q16,base
l33,s23-123-roll,0,link,q8,steady,ok,phase/1,0.017,48,0,甲甲甲甲甲甲甲甲甲甲甲甲,trace-s23-123-roll,baseline,104050,l33-blue-r3,rev-2026-10,tok-2026-10,fp8,q8,chat
p2,s23-166,0,prefill,q16,steady,ok,phase/2,109,12,4,前缀缓存甲甲甲甲甲甲甲甲甲甲甲甲,trace-s23-166,baseline,90000,p2-stable-r1,rev-2026-09,tok-2026-08,int8,q16,base
l22,s23-119,0,link,q16,steady,ok,phase/2,35,48,0,甲甲甲甲甲甲甲甲甲甲甲甲,trace-s23-119,recent,90000,l22-stable-r1,rev-2026-09,tok-2026-08,int8,q16,base
p3,s23-025,0,prefill,q8,steady,ok,phase/2,68,0,0,,trace-s23-025,baseline,100650,p3-blue-r2,rev-2026-10,tok-2026-10,fp8,q8,chat
d3,s23-063,0,decode,q8,steady,ok,phase/1,0.025,0,0,,trace-s23-063,baseline,100650,d3-blue-r2,rev-2026-10,tok-2026-10,fp8,q8,chat
d2,s23-049,0,decode,q16,steady,ok,phase/2,51,0,0,,trace-s23-049,baseline,90000,d2-stable-r1,rev-2026-09,tok-2026-08,int8,q16,base
d3,s23-072-roll,0,decode,q8,steady,ok,phase/1,0.033,12,0,甲甲甲甲甲甲甲甲甲甲甲甲,trace-s23-072-roll,recent,104050,d3-blue-r3,rev-2026-10,tok-2026-10,fp8,q8,chat
p3,s23-026-roll,0,prefill,q8,steady,ok,phase/2,68,0,0,,trace-s23-026-roll,baseline,104050,p3-blue-r3,rev-2026-10,tok-2026-10,fp8,q8,chat
p1,s23-012,0,prefill,q16,steady,ok,phase/1,0.123,12,0,甲甲甲甲甲甲甲甲甲甲甲甲,trace-s23-012,recent,90000,p1-stable-r1,rev-2026-09,tok-2026-08,int8,q16,base
l33,s23-126,0,link,q8,steady,ok,phase/1,0.033,144,0,甲甲甲甲甲甲甲甲甲甲甲甲甲甲甲甲甲甲甲甲甲甲甲甲甲甲甲甲甲甲甲甲甲甲甲甲,trace-s23-126,baseline,100650,l33-blue-r2,rev-2026-10,tok-2026-10,fp8,q8,chat
d3,s23-070-roll,0,decode,q8,steady,ok,phase/2,33,12,0,甲甲甲甲甲甲甲甲甲甲甲甲,trace-s23-070-roll,recent,104050,d3-blue-r3,rev-2026-10,tok-2026-10,fp8,q8,chat
l33,s23-120-roll,0,link,q8,steady,ok,phase/1,0.009,0,0,,trace-s23-120-roll,baseline,104050,l33-blue-r3,rev-2026-10,tok-2026-10,fp8,q8,chat
l33,s23-131,0,link,q8,steady,ok,phase/2,17,48,0,甲甲甲甲甲甲甲甲甲甲甲甲,trace-s23-131,recent,90000,l33-blue-r2,rev-2026-10,tok-2026-10,fp8,q8,chat
